START DATE,END DATE,Q,dQdt,Mode,log_Q,log_dQdt,WATERYEAR,Fire
2000-06-13,,1.5229941470800004e-05,-4.5591425652000006e-05,,-4.817301765669698,-4.3411168271199045,2000,Pre-fire
2000-06-14,,6.384986230400001e-06,-8.844955240400003e-06,,-5.1948400349812625,-5.053304360481389,2000,Pre-fire
2000-06-15,,5.400998626400001e-06,-9.839876040000006e-07,,-5.267525933170015,-6.007010372654337,2000,Pre-fire
2000-06-16,,3.8594180468e-06,-1.5415805796000006e-06,,-5.413478176705839,-5.8120337694382815,2000,Pre-fire
2000-07-12,,2.5146349880000003e-06,-1.1807851248000006e-06,,-5.599525046076069,-5.927829126606712,2000,Pre-fire
2000-07-13,,1.7493112960000002e-06,-7.653236920000001e-07,,-5.757132899437737,-6.116154842079405,2000,Pre-fire
2000-07-22,2000-07-25,2.4490358143999997e-06,-3.0248507826666666e-07,Aggregated,-5.611004863759499,-6.51929604443725,2000,Pre-fire
2000-07-31,2000-08-02,1.8203770674000004e-06,-4.810606064e-07,Aggregated,-5.739838644251323,-6.317800205607474,2000,Pre-fire
2001-05-16,,6.826687332640001e-05,-9.02316632868e-05,,-4.165789987703282,-4.0446410369843155,2001,Pre-fire
2001-05-17,,2.8316976604000005e-05,-3.99498967224e-05,,-4.54795311801241,-4.398484339077143,2001,Pre-fire
2001-05-18,,1.8313102630000004e-05,-1.0003873974000002e-05,,-4.737238070720798,-4.999831788027214,2001,Pre-fire
2001-05-19,,1.4278753453600003e-05,-4.0343491764000004e-06,,-4.845309705154606,-5.3942265159346015,2001,Pre-fire
2001-05-20,,1.1742252074400004e-05,-2.536501379199999e-06,,-4.930248600730125,-5.595764897202762,2001,Pre-fire
2001-05-21,,1.02444042772e-05,-1.4978477972000047e-06,,-4.989513291205884,-5.824532314937254,2001,Pre-fire
2001-05-22,,9.490013780800002e-06,-7.543904963999979e-07,,-5.02273315691717,-6.122403791356407,2001,Pre-fire
2001-05-23,,8.615358132800001e-06,-8.746556480000003e-07,,-5.064726664604106,-6.058162895101718,2001,Pre-fire
2001-05-26,,6.6364497292000005e-06,-9.839876039999997e-07,,-5.178064191018404,-6.007010372654337,2001,Pre-fire
2001-05-24,2001-05-25,8.115164434100001e-06,-9.94920799600001e-07,Aggregated,-5.09070267582558,-6.002211489772567,2001,Pre-fire
2001-06-07,,5.193267910000001e-06,-1.3775826456000006e-06,,-5.284559272468795,-5.860882336976099,2001,Pre-fire
2001-06-08,,4.493543391600001e-06,-6.997245183999999e-07,,-5.347411060217593,-6.155072908109775,2001,Pre-fire
2001-06-13,,4.5700757608e-06,-9.29321626e-07,,-5.340076600318627,-6.031833956379369,2001,Pre-fire
2001-06-14,,3.6516873304e-06,-9.183884304000004e-07,,-5.4375064152820975,-6.03697359603178,2001,Pre-fire
2001-06-28,,3.1815599196e-06,-1.6399793400000013e-06,,-5.497359893107754,-5.78516162303798,2001,Pre-fire
2001-06-29,2001-07-01,2.6567665308000006e-06,-3.9906163939999987e-07,Aggregated,-5.575646608495349,-6.3989600176371875,2001,Pre-fire
2001-07-02,2001-07-09,1.9215091267000003e-06,-1.108938410857143e-07,Aggregated,-5.7163575484018,-6.955092573388844,2001,Pre-fire
2001-07-31,2001-08-01,1.5743801664000003e-06,-1.0058539952e-06,Aggregated,-5.802890389998412,-5.9974650547481065,2001,Pre-fire
2001-08-24,,6.559917360000001e-07,-1.3775826456000002e-06,,-6.183101631710018,-5.860882336976099,2001,Pre-fire
2002-04-18,,4.156800967120001e-05,-9.304149455599986e-06,,-4.381240769564237,-5.031323322009074,2002,Pre-fire
2002-04-19,,3.02630854208e-05,-1.1304924250400012e-05,,-4.519086796308941,-4.9467323433357375,2002,Pre-fire
2002-04-20,,2.40420971244e-05,-6.2209882964000004e-06,,-4.619027652732871,-5.20614061569859,2002,Pre-fire
2002-04-21,,2.0270144642400004e-05,-3.7719524819999948e-06,,-4.693143152285184,-5.423433787020389,2002,Pre-fire
2002-04-22,,1.78320420236e-05,-2.4381026188000027e-06,,-4.748798921053386,-5.612948019045501,2002,Pre-fire
2002-04-23,,1.5918732793600003e-05,-1.913309229999998e-06,,-4.798091507116643,-5.718214833407368,2002,Pre-fire
2002-04-24,,1.4694214886400002e-05,-1.2245179072000011e-06,,-4.832853613375855,-5.91203485942348,2002,Pre-fire
2002-04-28,,1.2857438025600004e-05,-2.547434574799997e-06,,-4.890845560353542,-5.593896961067643,2002,Pre-fire
2002-04-29,,1.1862517226000002e-05,-9.949207996000027e-07,,-4.925823143909113,-6.002211489772567,2002,Pre-fire
2002-04-30,2002-05-01,1.1397856413000002e-05,-9.839876039999997e-07,Aggregated,-4.943176818447866,-6.007010372654337,2002,Pre-fire
2002-05-02,2002-05-03,1.0402935613400002e-05,-9.839876039999997e-07,Aggregated,-4.982844089470622,-6.007010372654337,2002,Pre-fire
2002-05-10,2002-05-12,9.2549500754e-06,-4.91993801999999e-07,Aggregated,-5.033625919648708,-6.308040368318319,2002,Pre-fire
2002-05-13,2002-05-15,8.221763091200002e-06,-4.7559400860000004e-07,Aggregated,-5.085035041502019,-6.322763625139024,2002,Pre-fire
2002-05-23,2002-05-24,6.283854171100001e-06,-1.0167871907999994e-06,Aggregated,-5.201773902152345,-5.992769933539727,2002,Pre-fire
2002-05-25,2002-05-26,5.4310649143e-06,-7.762568876000005e-07,Aggregated,-5.265115006311809,-6.109994533374586,2002,Pre-fire
2002-06-04,2002-06-06,4.7778064772000005e-06,-4.591942151999998e-07,Aggregated,-5.32077144512324,-6.338003591695761,2002,Pre-fire
2002-06-12,2002-06-14,4.2694128818e-06,-4.2092803060000034e-07,Aggregated,-5.3696318438803425,-6.375792152585161,2002,Pre-fire
2002-06-25,2002-06-27,3.159693528400001e-06,-3.662620526000002e-07,Aggregated,-5.500355039337114,-6.4362080750568165,2002,Pre-fire
2002-06-30,,3.4767562008000004e-06,-1.1370523424e-06,,-5.458825762109229,-5.944219542794881,2002,Pre-fire
2002-07-01,2002-07-02,3.0858944581000003e-06,-7.762568876000001e-07,Aggregated,-5.510618931496656,-6.109994533374587,2002,Pre-fire
2002-07-09,,2.0991735552e-06,-8.090564744000002e-07,,-5.677951653390112,-6.092021162362686,2002,Pre-fire
2002-07-17,2002-07-31,1.0495867776000003e-06,-5.07612652857143e-08,Aggregated,-5.978981649054093,-7.294467561129044,2002,Pre-fire
2002-08-21,2002-08-22,1.1725852281e-06,-9.074552348000001e-07,Aggregated,-5.9308555812369,-6.0421747897175875,2002,Pre-fire
2003-05-05,,4.963670802400001e-05,-3.7828856776000045e-06,,-4.3041970292365574,-5.422176783300885,2003,Pre-fire
2003-05-06,,3.1465736936800006e-05,-1.8170971087200002e-05,,-4.502162092493076,-4.740621862645569,2003,Pre-fire
2003-05-07,,2.328770662800001e-05,-8.178030308799997e-06,,-4.632873278654924,-5.0873512842292,2003,Pre-fire
2003-05-08,,2.0412276185200005e-05,-2.8754304428000037e-06,,-4.690108564144583,-5.541297133603903,2003,Pre-fire
2003-05-09,,1.7996039957600002e-05,-2.4162362276000035e-06,,-4.744823051217411,-5.61686060840855,2003,Pre-fire
2003-05-10,,1.66293905076e-05,-1.366649450000001e-06,,-4.779123668040663,-5.864342869085605,2003,Pre-fire
2003-05-12,,1.4694214886400002e-05,-1.377582645599999e-06,,-4.832853613375855,-5.8608823369761,2003,Pre-fire
2003-05-13,,1.37320936736e-05,-9.621212128000022e-07,,-4.862263242692484,-6.016770209943492,2003,Pre-fire
2003-05-14,,1.2791838852e-05,-9.402548215999996e-07,,-4.8930670203475,-6.026754430850094,2003,Pre-fire
2003-05-22,,1.01569387124e-05,-7.762568876000022e-07,,-4.99323716810002,-6.109994533374585,2003,Pre-fire
2003-05-23,,9.129218326e-06,-1.0277203863999998e-06,,-5.03956640661006,-5.988125028493963,2003,Pre-fire
2003-05-18,2003-05-19,1.21987129907e-05,-7.981232787999997e-07,Aggregated,-4.913685986581095,-6.097930021973206,2003,Pre-fire
2003-05-20,2003-05-21,1.1400589711900002e-05,-7.98123278799998e-07,Aggregated,-4.943072683575792,-6.097930021973207,2003,Pre-fire
2003-05-26,2003-05-27,8.331095047200002e-06,-1.137052342400001e-06,Aggregated,-5.079297910754061,-5.944219542794881,2003,Pre-fire
2003-06-08,2003-06-10,5.783660472400001e-06,-3.553288570000002e-07,Aggregated,-5.237797210058476,-6.449369521114787,2003,Pre-fire
2003-06-21,2003-06-25,4.466210402600001e-06,-2.377970042999998e-07,Aggregated,-5.350060821225227,-6.623793620803006,2003,Pre-fire
2003-07-02,2003-07-06,2.8043646714000004e-06,-1.776644285000002e-07,Aggregated,-5.552165512645827,-6.750399516778768,2003,Pre-fire
2003-07-14,2003-07-22,1.7165117092000002e-06,-9.566546150000006e-08,Aggregated,-5.765353229684428,-7.019244829071348,2003,Pre-fire
2004-06-10,,2.65567321124e-05,-1.1512654966800011e-05,,-4.575825367288531,-4.938824510908175,2004,Pre-fire
2004-06-11,,1.3393164610000002e-05,-1.3163567502399997e-05,,-4.873116793393111,-4.8806263951718565,2004,Pre-fire
2004-06-12,,9.850809235600002e-06,-3.5423553743999997e-06,,-5.006528091114599,-5.450707871887049,2004,Pre-fire
2004-06-13,,8.112431135200001e-06,-1.738378100400001e-06,,-5.090848976814635,-5.75985575777321,2004,Pre-fire
2004-06-14,,6.876980032400001e-06,-1.2354511028e-06,,-5.162602236648393,-5.908174438610242,2004,Pre-fire
2004-06-15,,5.903925624000001e-06,-9.730544084000001e-07,,-5.228859122270693,-6.011862875448749,2004,Pre-fire
2004-06-16,2004-06-17,5.4337982132e-06,-9.402548216000005e-07,Aggregated,-5.26489649336033,-6.026754430850094,2004,Pre-fire
2004-06-18,2004-06-19,4.277612778500001e-06,-1.3666494499999998e-06,Aggregated,-5.368798531539157,-5.864342869085605,2004,Pre-fire
2004-06-23,2004-06-25,2.7278323022000006e-06,-5.247933888000002e-07,Aggregated,-5.564182332134253,-6.2800116447180745,2004,Pre-fire
2004-06-26,2004-06-28,1.5962465576000003e-06,-3.8266184600000015e-07,Aggregated,-5.796900026309225,-6.4171848377433856,2004,Pre-fire
2004-07-02,2004-07-07,3.0148286867000007e-06,-1.5962465576000012e-07,Aggregated,-5.520737360981434,-6.796900026309224,2004,Pre-fire
2004-07-19,,3.531422178800001e-06,-1.0167871907999994e-06,,-5.452050359762559,-5.992769933539727,2004,Pre-fire
2004-07-20,,1.8367768608e-06,-1.694645318000001e-06,,-5.735943600367799,-5.77092118392337,2004,Pre-fire
2004-08-03,2004-08-05,1.3775826456000002e-06,-3.4986225919999986e-07,Aggregated,-5.860882336976099,-6.456102903773756,2004,Pre-fire
2005-06-08,,3.2821453191200004e-05,-4.4191976615199996e-05,,-4.48384219418641,-4.354656572914377,2005,Pre-fire
2005-06-09,,1.7766442850000003e-05,-1.50550103412e-05,,-4.750399516778768,-4.8223189418367385,2005,Pre-fire
2005-06-10,,1.3141701111200002e-05,-4.624741738800001e-06,,-4.881348414426941,-5.334912514718619,2005,Pre-fire
2005-06-11,,1.120652549e-05,-1.9351756212000024e-06,,-4.950529016701888,-5.713279615731855,2005,Pre-fire
2005-06-12,,1.01569387124e-05,-1.0495867776000007e-06,,-4.99323716810002,-5.978981649054093,2005,Pre-fire
2005-06-13,,9.3806818248e-06,-7.762568875999988e-07,,-5.027765594244956,-6.1099945333745875,2005,Pre-fire
2005-06-14,2005-06-15,8.869554930500002e-06,-1.0167871907999985e-06,Aggregated,-5.052098172285236,-5.992769933539727,2005,Pre-fire
2005-06-19,,9.129218326e-06,-7.653236920000026e-07,,-5.03956640661006,-6.116154842079403,2005,Pre-fire
2005-06-20,,8.112431135200001e-06,-1.0167871907999985e-06,,-5.090848976814635,-5.992769933539727,2005,Pre-fire
2005-06-21,,7.117510335600001e-06,-9.949207996000002e-07,,-5.1476718935254695,-6.002211489772568,2005,Pre-fire
2005-06-24,2005-06-25,7.456439399200001e-06,-6.997245183999999e-07,Aggregated,-5.127468507437182,-6.155072908109775,2005,Pre-fire
2005-06-28,2005-06-29,6.5735838545e-06,-8.855888435999991e-07,Aggregated,-5.182197792711774,-6.052767863215013,2005,Pre-fire
2005-06-30,2005-07-02,5.761794081200001e-06,-3.498622592000008e-07,Aggregated,-5.239442266881115,-6.456102903773755,2005,Pre-fire
2005-07-07,,3.684486917200001e-06,-7.325241052e-07,,-5.433622981222323,-6.135178079392835,2005,Pre-fire
2005-07-05,2005-07-06,4.884405134300001e-06,-9.29321626e-07,Aggregated,-5.31118832091598,-6.031833956379369,2005,Pre-fire
2005-07-08,2005-07-09,3.2580922888000008e-06,-8.965220392000004e-07,Aggregated,-5.487036618017407,-6.0474390297099445,2005,Pre-fire
2005-07-11,2005-07-13,4.772339879400001e-06,-4.154614327999997e-07,Aggregated,-5.321268634052073,-6.381469285476852,2005,Pre-fire
2005-07-14,2005-07-18,3.925017220400001e-06,-1.885976240999999e-07,Aggregated,-5.406158433515342,-6.724463782684369,2005,Pre-fire
2005-07-23,2005-07-27,2.946496214200001e-06,-2.1046401530000006e-07,Aggregated,-5.530694112570904,-6.676822148249142,2005,Pre-fire
2006-06-03,,1.7022985549200003e-05,-1.8313102630000004e-05,,-4.768964269525541,-4.737238070720798,2006,Pre-fire
2006-06-04,,1.3294765849600002e-05,-3.7282196996000014e-06,,-4.876319307156946,-5.428498503101164,2006,Pre-fire
2006-06-05,,9.861742431200002e-06,-3.4330234184000003e-06,,-5.00604634455172,-5.464323234020447,2006,Pre-fire
2006-06-06,,7.500172181600002e-06,-2.3615702495999995e-06,,-5.12492876638691,-5.6267991309427305,2006,Pre-fire
2006-06-07,,6.6364497292000005e-06,-8.637224524000016e-07,,-5.178064191018404,-6.063625790803219,2006,Pre-fire
2006-06-08,,5.903925624000001e-06,-7.325241051999996e-07,,-5.228859122270693,-6.135178079392835,2006,Pre-fire
2006-06-09,2006-06-10,5.4337982132e-06,-9.402548216000005e-07,Aggregated,-5.26489649336033,-6.026754430850094,2006,Pre-fire
2006-06-23,2006-06-25,3.821151862200001e-06,-5.630595734000002e-07,Aggregated,-5.417805702011962,-6.2494456530524705,2006,Pre-fire
2006-06-30,,3.673553721600001e-06,-2.6567665308e-06,,-5.434913604703818,-5.57564660849535,2006,Pre-fire
2006-07-01,2006-07-02,3.1624268273000004e-06,-9.511880172000009e-07,Aggregated,-5.499979514469874,-6.021733629475043,2006,Pre-fire
2006-07-06,2006-07-08,2.8699638450000005e-06,-4.974603997999999e-07,Aggregated,-5.542123574351686,-6.3032414854365495,2006,Pre-fire
2006-07-16,2006-07-21,1.7875774806000001e-06,-1.4213154280000004e-07,Aggregated,-5.747735125097357,-6.847309529786825,2006,Pre-fire
2007-06-30,,4.482610196000001e-06,-2.5583677704e-06,,-5.348469025373926,-5.592037024683519,2007,Pre-fire
2007-07-03,,2.2303719024e-06,-1.2463842984000003e-06,,-5.651622714667763,-5.904348030757189,2007,Pre-fire
2007-07-01,2007-07-02,4.023415980800001e-06,-1.0058539952000006e-06,Aggregated,-5.395405063420144,-5.9974650547481065,2007,Pre-fire
2007-07-07,2007-07-08,2.2112388101e-06,-7.543904964000003e-07,Aggregated,-5.655364351809352,-6.122403791356406,2007,Pre-fire
2007-07-09,2007-07-16,1.4896479005000004e-06,-1.0152253057142853e-07,Aggregated,-5.826916371144981,-6.993437565465063,2007,Pre-fire
2007-07-22,2007-07-24,1.4158488302e-06,-3.553288570000002e-07,Aggregated,-5.8489831136763915,-6.449369521114787,2007,Pre-fire
2007-08-21,,1.6181129488e-06,-1.2573174940000008e-06,,-5.790991166698705,-5.900555041740049,2007,Pre-fire
2007-08-22,2007-08-23,1.1452522391000002e-06,-7.10657714e-07,Aggregated,-5.941098850455329,-6.148339525450806,2007,Pre-fire
2008-06-04,,1.8684831280400004e-05,-1.3447830588000005e-05,,-4.728510819372925,-4.871347770654264,2008,Pre-fire
2008-06-05,,1.4584882930400004e-05,-4.09994835e-06,,-4.836097052513131,-5.387221614365943,2008,Pre-fire
2008-06-12,,1.23873106148e-05,-4.318612262000002e-06,,-4.907022972230265,-5.3646557864672015,2008,Pre-fire
2008-06-13,,9.894542018000002e-06,-2.4927685967999973e-06,,-5.004604302888458,-5.603318035093208,2008,Pre-fire
2008-06-14,,8.615358132800001e-06,-1.2791838852000008e-06,,-5.064726664604106,-5.8930670203475,2008,Pre-fire
2008-06-15,,7.860967636400002e-06,-7.543904963999996e-07,,-5.104523991710779,-6.122403791356406,2008,Pre-fire
2008-06-16,2008-06-17,7.224108992700001e-06,-1.2354511028000016e-06,Aggregated,-5.141215710289914,-5.908174438610241,2008,Pre-fire
2008-06-22,2008-06-24,5.313533061600001e-06,-3.498622592000004e-07,Aggregated,-5.274616612831368,-6.456102903773755,2008,Pre-fire
2008-06-30,2008-07-02,5.0784693562000005e-06,-3.498622592000004e-07,Aggregated,-5.294267163764001,-6.456102903773755,2008,Pre-fire
2008-07-08,,3.3783574404e-06,-1.1818784443600002e-05,,-5.4712944026688275,-4.927427188140351,2008,Pre-fire
2008-07-23,2008-07-28,2.1921057178e-06,-1.3994490367999997e-07,Aggregated,-5.65913850513746,-6.854042912445793,2008,Pre-fire
2008-08-21,,2.8535640516000007e-06,-1.7055785136000001e-06,,-5.54461237475538,-5.7681282837392,2008,Pre-fire
2008-08-22,,2.0335743816000005e-06,-8.199896700000002e-07,,-5.691739937875745,-6.086191618701962,2008,Pre-fire
2008-08-26,2008-08-30,1.5361139818000004e-06,-1.9133092300000002e-07,Aggregated,-5.813576557852563,-6.718214833407368,2008,Pre-fire
2009-05-15,,2.1221332659600003e-05,-2.3342372606e-05,,-4.673227346705299,-4.631855002732619,2009,Pre-fire
2009-05-16,,1.5109676319200002e-05,-6.111656340400001e-06,,-4.820744839055482,-5.213841074207238,2009,Pre-fire
2009-05-17,,1.2092114333600002e-05,-3.0175619856000002e-06,,-4.917497755124982,-5.520343800028444,2009,Pre-fire
2009-05-18,,1.0167871908000002e-05,-1.9242424255999994e-06,,-4.992769933539726,-5.715740214279512,2009,Pre-fire
2009-05-19,,9.3806818248e-06,-7.871900832000018e-07,,-5.027765594244956,-6.103920385662392,2009,Pre-fire
2009-05-20,2009-05-21,8.896887919500001e-06,-9.074552347999991e-07,Aggregated,-5.050761880517413,-6.042174789717588,2009,Pre-fire
2009-05-22,2009-05-23,7.8910339243e-06,-1.1042527555999996e-06,Aggregated,-5.102866089540903,-5.956931508311019,2009,Pre-fire
2009-05-24,2009-05-25,6.9371126082000015e-06,-7.434573008000017e-07,Aggregated,-5.1588212556629385,-6.128743969387425,2009,Pre-fire
2009-06-04,2009-06-05,5.8465263471000005e-06,-7.106577140000004e-07,Aggregated,-5.233102088850096,-6.1483395254508055,2009,Pre-fire
2009-06-06,2009-06-07,4.9636708024000005e-06,-9.402548216000005e-07,Aggregated,-5.3041970292365574,-6.026754430850094,2009,Pre-fire
2009-06-13,,6.997245184000001e-06,-6.887913228e-06,,-5.155072908109775,-5.16191233264008,2009,Pre-fire
2009-06-14,,5.674328516400001e-06,-1.3229166676e-06,,-5.246085524245204,-5.878467511777211,2009,Pre-fire
2009-06-15,,4.493543391600001e-06,-1.1807851248000002e-06,,-5.347411060217593,-5.927829126606712,2009,Pre-fire
2009-07-03,2009-07-04,3.6380208359000005e-06,-8.637224524000003e-07,Aggregated,-5.4391348179469485,-6.06362579080322,2009,Pre-fire
2009-07-24,2009-07-30,1.5579803730000004e-06,-1.1662075306666661e-07,Aggregated,-5.807438017749132,-6.933224158493418,2009,Pre-fire
2009-08-08,,2.1975723156000004e-06,-7.10657714e-07,,-5.658056824673173,-6.148339525450806,2009,Pre-fire
2009-08-09,2009-08-10,1.6645790301000004e-06,-9.074552348000002e-07,Aggregated,-5.778695580788749,-6.0421747897175875,2009,Pre-fire
2010-06-05,,8.527892568000001e-05,-0.000147488808644,,-4.069158279403181,-3.8312409324217573,2010,Pre-fire
2010-06-06,,6.062456960200001e-05,-2.4654356078000003e-05,,-4.217351331608483,-4.6081063358796825,2010,Pre-fire
2010-06-07,,5.557343323480001e-05,-5.051136367199999e-06,,-4.255132772390958,-5.296610906537536,2010,Pre-fire
2010-06-08,,4.17976067788e-05,-1.3775826456000006e-05,,-4.378848584074634,-4.860882336976099,2010,Pre-fire
2010-06-11,,4.3503185292400015e-05,-9.93827480039999e-06,,-4.361478942947273,-5.002688998871695,2010,Pre-fire
2010-06-12,,3.142200415440001e-05,-1.2081181138000007e-05,,-4.502766118295455,-4.917890604072532,2010,Pre-fire
2010-06-13,,2.4916752772400004e-05,-6.505251382000004e-06,,-4.603508556913286,-5.186735916365112,2010,Pre-fire
2010-06-14,,2.1735192852800005e-05,-3.1815599195999993e-06,,-4.662836502032367,-5.497359893107754,2010,Pre-fire
2010-06-15,,1.9373622603200003e-05,-2.361570249600002e-06,,-4.71278916454263,-5.6267991309427305,2010,Pre-fire
2010-06-18,,1.7132317505200003e-05,-1.4541150147999979e-06,,-4.766183885625072,-5.837401241126576,2010,Pre-fire
2010-06-19,,1.5568870534400002e-05,-1.5634469708000007e-06,,-4.807742892792824,-5.8059168446286,2010,Pre-fire
2010-06-22,,1.3240099871600002e-05,-1.2135847115999998e-06,,-4.878108738950609,-5.9159299033070045,2010,Pre-fire
2010-06-23,,1.2354511028e-05,-8.855888436000016e-07,,-4.908174438610242,-6.052767863215011,2010,Pre-fire
2010-06-24,,1.1370523424e-05,-9.839876040000014e-07,,-4.944219542794881,-6.007010372654336,2010,Pre-fire
2010-06-25,,1.03646694288e-05,-1.005853995199999e-06,,-4.984444544755595,-5.9974650547481065,2010,Pre-fire
2010-06-26,,9.4681473896e-06,-8.965220391999995e-07,,-5.023734990076315,-6.047439029709945,2010,Pre-fire
2010-06-27,,8.615358132800001e-06,-8.527892567999994e-07,,-5.064726664604106,-6.069158279403181,2010,Pre-fire
2010-06-16,2010-06-17,1.9078426322000003e-05,-7.871900832000018e-07,Aggregated,-4.719457450798463,-6.103920385662392,2010,Pre-fire
2010-06-20,2010-06-21,1.4989411167600003e-05,-1.1151859512e-06,Aggregated,-4.824215427304149,-5.952652710331744,2010,Pre-fire
2010-07-03,,9.5228133676e-06,-7.325241051999987e-07,,-5.021234727085998,-6.135178079392836,2010,Pre-fire
2010-07-14,,5.7945936680000016e-06,-7.106577139999995e-07,,-5.236977012492873,-6.148339525450806,2010,Pre-fire
2010-07-04,2010-07-05,9.1182851304e-06,-6.997245183999982e-07,Aggregated,-5.040086831455923,-6.1550729081097755,2010,Pre-fire
2010-07-06,2010-07-07,8.415827313100002e-06,-8.855888436000016e-07,Aggregated,-5.074903184518426,-6.052767863215011,2010,Pre-fire
2010-07-08,2010-07-10,7.450972801400001e-06,-4.919938019999999e-07,Aggregated,-5.127787021922969,-6.308040368318318,2010,Pre-fire
2010-07-15,2010-07-16,5.1714015188000005e-06,-1.180785124800001e-06,Aggregated,-5.2863917413558505,-5.927829126606712,2010,Pre-fire
2010-07-21,2010-07-25,4.837939053000001e-06,-1.9406422190000013e-07,Aggregated,-5.315339607059817,-6.712054524702548,2010,Pre-fire
2010-08-01,2010-08-06,3.3646909459000003e-06,-1.4650482103999982e-07,Aggregated,-5.473054820490308,-6.834148083728855,2010,Pre-fire
2010-08-07,2010-08-13,2.7715650846000003e-06,-1.1662075306666672e-07,Aggregated,-5.557274918424307,-6.933224158493418,2010,Pre-fire
2011-06-03,,3.07004132448e-05,-2.1833591613199998e-05,,-4.5128557786358945,-4.660874817222959,2011,Pre-fire
2011-06-04,,1.97672176448e-05,-1.0933195600000002e-05,,-4.704054455954317,-4.961252882093662,2011,Pre-fire
2011-06-05,,1.6257661857200004e-05,-3.509555787599994e-06,,-4.7889419135717075,-5.454747849688791,2011,Pre-fire
2011-06-06,,1.448648417e-05,-1.771177687200005e-06,,-4.8390370038208355,-5.75173786755103,2011,Pre-fire
2011-06-07,,1.2682506896000002e-05,-1.803977273999997e-06,,-4.896794892866743,-5.743768937879756,2011,Pre-fire
2011-06-08,,1.1217458685600005e-05,-1.4650482103999975e-06,,-4.950105521317864,-5.834148083728855,2011,Pre-fire
2011-06-09,,1.02990702552e-05,-9.183884304000055e-07,,-4.987201979300784,-6.036973596031777,2011,Pre-fire
2011-06-10,,9.5884125412e-06,-7.106577139999995e-07,,-5.018253288727621,-6.148339525450806,2011,Pre-fire
2011-06-16,,7.368973834400002e-06,-7.434573007999992e-07,,-5.132592985558341,-6.1287439693874255,2011,Pre-fire
2011-06-13,2011-06-15,8.779356066800002e-06,-5.083935953999993e-07,Aggregated,-5.056537336814981,-6.293799929203709,2011,Pre-fire
2011-06-17,2011-06-18,6.9371126082000015e-06,-7.434573008000017e-07,Aggregated,-5.1588212556629385,-6.128743969387425,2011,Pre-fire
2011-07-02,2011-07-04,6.3139204590000004e-06,-3.771952481999998e-07,Aggregated,-5.19970089352948,-6.423433787020388,2011,Pre-fire
2011-07-13,2011-07-14,5.026536677100001e-06,-7.106577139999995e-07,Aggregated,-5.298731144183547,-6.148339525450806,2011,Pre-fire
2011-07-20,,5.991391188800001e-06,-9.56654615e-06,,-5.222472323609293,-5.019244829071348,2011,Pre-fire
2011-07-21,,5.105802345200001e-06,-8.855888435999999e-07,,-5.291936001527549,-6.052767863215012,2011,Pre-fire
2011-07-22,2011-07-23,4.668474521200001e-06,-8.746556480000003e-07,Aggregated,-5.330825007068638,-6.058162895101718,2011,Pre-fire
2012-06-10,,2.5583677704e-05,-3.39257059468e-05,,-4.592037024683519,-4.469471106509496,2012,Pre-fire
2012-06-11,,1.5164342297200003e-05,-1.0419335406799997e-05,,-4.8191764210203765,-4.982159981455336,2012,Pre-fire
2012-06-12,,1.1556387749200004e-05,-3.607954547999999e-06,,-4.9371778947862355,-5.442738942215774,2012,Pre-fire
2012-06-13,,9.938274800400002e-06,-1.618112948800002e-06,,-5.002688998871694,-5.790991166698704,2012,Pre-fire
2012-06-14,,9.1401515216e-06,-7.981232788000014e-07,,-5.039046604654645,-6.097930021973205,2012,Pre-fire
2012-06-15,,7.9484332012e-06,-1.1917183204000006e-06,,-5.099718471234624,-5.923826384153038,2012,Pre-fire
2012-06-16,,6.559917360000001e-06,-1.3885158411999994e-06,,-5.183101631710018,-5.857449161137705,2012,Pre-fire
2012-06-19,2012-06-21,5.7508608856000015e-06,-6.559917359999998e-07,Aggregated,-5.240267137939923,-6.183101631710018,2012,Pre-fire
2012-06-29,,8.670024110800001e-06,-1.0277203863999981e-06,,-5.061979694776058,-5.988125028493964,2012,Pre-fire
2012-07-02,,7.0519111620000015e-06,-7.106577139999987e-07,,-5.151693167458394,-6.148339525450807,2012,Pre-fire
2012-06-30,2012-07-01,8.2627625747e-06,-9.074552348000008e-07,Aggregated,-5.082874726243807,-6.0421747897175875,2012,Pre-fire
2012-07-03,2012-07-04,6.641916327000001e-06,-8.09056474400001e-07,Aggregated,-5.177706599823312,-6.092021162362685,2012,Pre-fire
2012-07-05,2012-07-07,5.860192841600001e-06,-3.9359504160000006e-07,Aggregated,-5.2320880924008915,-6.404950381326374,2012,Pre-fire
2012-07-10,,4.6356749344000006e-06,-1.1370523424e-06,,-5.333887025500929,-5.944219542794881,2012,Pre-fire
2012-07-11,2012-07-12,4.0589488665e-06,-1.0167871907999998e-06,Aggregated,-5.391586419768393,-5.992769933539726,2012,Pre-fire
2012-07-13,2012-07-15,3.1760933218000004e-06,-5.575929756e-07,Aggregated,-5.498106745367312,-6.253682705995725,2012,Pre-fire
2012-07-19,2012-07-21,4.2639462840000006e-06,-3.553288570000002e-07,Aggregated,-5.370188275067163,-6.449369521114787,2012,Pre-fire
2012-07-22,2012-07-27,3.550555271100001e-06,-1.530647384e-07,Aggregated,-5.4497037223485965,-6.815124846415424,2012,Pre-fire
2012-07-28,2012-08-03,2.930096420800001e-06,-1.1844295233333325e-07,Aggregated,-5.533118088064873,-6.92649077583445,2012,Pre-fire
2013-05-28,,4.427944218000001e-05,-3.6068612284399994e-05,,-4.353797858878993,-4.442870566548318,2013,Pre-fire
2013-05-29,,2.77484504328e-05,-1.6530991747200008e-05,,-4.556761264334976,-4.781701090928474,2013,Pre-fire
2013-05-30,,2.3976497950800008e-05,-3.7719524819999914e-06,,-4.620214250416138,-5.423433787020389,2013,Pre-fire
2013-05-31,,1.4978477972000003e-05,-8.998019978800004e-06,,-4.8245323149372545,-5.045853046881391,2013,Pre-fire
2013-06-01,,1.1698519292000004e-05,-3.279958679999999e-06,,-4.931869104408452,-5.4841316273739995,2013,Pre-fire
2013-06-02,,9.3806818248e-06,-2.3178374672000037e-06,,-5.027765594244956,-5.63491702116491,2013,Pre-fire
2013-06-03,,8.188963504400002e-06,-1.191718320399999e-06,,-5.0867710643941955,-5.923826384153038,2013,Pre-fire
2013-06-04,,7.368973834400002e-06,-8.199896699999998e-07,,-5.132592985558341,-6.086191618701962,2013,Pre-fire
2013-06-06,,6.2209882964e-06,-7.981232788000023e-07,,-5.20614061569859,-6.097930021973204,2013,Pre-fire
2013-06-12,,4.165547523600001e-06,-8.090564744000002e-07,,-5.380327906418042,-6.092021162362686,2013,Pre-fire
2013-06-07,2013-06-09,5.871126037200001e-06,-5.138601931999995e-07,Aggregated,-5.231278596394106,-6.289155024157945,2013,Pre-fire
2013-06-19,2013-06-20,4.365078343300001e-06,-8.199896700000006e-07,Aggregated,-5.360007957283141,-6.086191618701961,2013,Pre-fire
2013-06-26,,5.247933888000001e-06,-1.4978477972000005e-06,,-5.2800116447180745,-5.8245323149372545,2013,Pre-fire
2013-06-28,,4.110881545600001e-06,-8.090564743999993e-07,,-5.386065037166,-6.092021162362686,2013,Pre-fire
2013-07-01,2013-07-03,3.4220902228000003e-06,-5.466597799999998e-07,Aggregated,-5.465708544547213,-6.262282877757643,2013,Pre-fire
2013-08-03,2013-08-07,1.0167871908e-06,-1.7493112960000011e-07,Aggregated,-5.992769933539726,-6.757132899437737,2013,Pre-fire
2013-08-11,2013-08-12,1.4787147049000004e-06,-7.543904963999998e-07,Aggregated,-5.8301156083150545,-6.122403791356406,2013,Pre-fire
2014-05-20,,2.22381198504e-05,-1.9165891886800003e-05,,-4.652901933506936,-4.717470965999866,2014,Pre-fire
2014-05-21,,1.67168560724e-05,-5.521263777999999e-06,,-4.776845396681342,-5.257961503975,2014,Pre-fire
2014-05-22,,1.3010502764000002e-05,-3.706353308399999e-06,,-4.885705920701131,-5.43105318389058,2014,Pre-fire
2014-05-23,,1.09441287956e-05,-2.0663739684000027e-06,,-4.960818804614343,-5.684791077920417,2014,Pre-fire
2014-05-24,,9.982007582800002e-06,-9.621212127999971e-07,,-5.000782104559363,-6.016770209943495,2014,Pre-fire
2014-05-25,,9.129218326e-06,-8.527892568000028e-07,,-5.03956640661006,-6.0691582794031795,2014,Pre-fire
2014-05-26,2014-05-27,8.768422871200003e-06,-7.653236919999975e-07,Aggregated,-5.057078513809498,-6.116154842079406,2014,Pre-fire
2014-05-30,,8.702823697600002e-06,-8.090564743999976e-07,,-5.060339814355992,-6.092021162362687,2014,Pre-fire
2014-06-08,,6.1007231448000014e-06,-8.309228656000002e-07,,-5.214618683156083,-6.08043928981287,2014,Pre-fire
2014-05-31,2014-06-02,8.249096080200001e-06,-4.64660813e-07,Aggregated,-5.083593637982053,-6.3328639520433505,2014,Pre-fire
2014-06-03,2014-06-07,7.325241052000002e-06,-2.1046401529999996e-07,Aggregated,-5.135178079392835,-6.676822148249142,2014,Pre-fire
2014-06-18,,6.133522731600001e-06,-1.202651516000001e-06,,-5.2122900208375,-5.919860196935437,2014,Pre-fire
2014-06-19,,4.745006890400001e-06,-1.3885158412000003e-06,,-5.323763152581151,-5.857449161137705,2014,Pre-fire
2014-06-22,2014-06-24,3.9632834050000005e-06,-5.083935953999999e-07,Aggregated,-5.401944871186649,-6.293799929203708,2014,Pre-fire
2014-06-28,,5.2151343012000015e-06,-2.7114325087999995e-06,,-5.282734503053548,-5.566801201267445,2014,Pre-fire
2014-06-29,,4.274879479600001e-06,-9.402548216000005e-07,,-5.369076124697795,-6.026754430850094,2014,Pre-fire
2014-07-03,2014-07-07,4.231146697200001e-06,-2.1319731420000007e-07,Aggregated,-5.37354191707475,-6.671218270731144,2014,Pre-fire
2014-07-14,2014-07-16,3.023028583400001e-06,-3.607954548000004e-07,Aggregated,-5.519557746452945,-6.442738942215774,2014,Pre-fire
2014-07-24,,3.4439566140000008e-06,-7.762568875999997e-07,,-5.462942328304061,-6.109994533374587,2014,Pre-fire
2014-07-25,2014-07-26,2.878163741700001e-06,-9.074552348000004e-07,Aggregated,-5.540884502236137,-6.0421747897175875,2014,Pre-fire
2014-07-27,2014-07-31,2.1811725222e-06,-1.8859762410000001e-07,Aggregated,-5.661309982070895,-6.724463782684369,2014,Pre-fire
2014-09-01,2014-09-05,6.997245184000001e-07,-1.776644285000001e-07,Aggregated,-6.155072908109775,-6.750399516778768,2014,Pre-fire
2015-05-23,,6.472451795200001e-06,-2.2194387068000013e-06,,-5.188931175370742,-5.653756844180449,2015,Pre-fire
2015-05-24,,5.6087293428000016e-06,-8.63722452399999e-07,,-5.251135516981845,-6.063625790803221,2015,Pre-fire
2015-05-25,,4.832472455200001e-06,-7.762568876000005e-07,,-5.31583061274457,-6.109994533374586,2015,Pre-fire
2015-05-26,,4.110881545600001e-06,-7.215909096e-07,,-5.386065037166,-6.141708946551793,2015,Pre-fire
2015-05-27,2015-05-30,3.8020187699000004e-06,-2.441747017333336e-07,Aggregated,-5.419985743429578,-6.612299334112497,2015,Pre-fire
2015-06-04,2015-06-05,3.0886277570000006e-06,-1.1370523424000005e-06,Aggregated,-5.510234429938205,-5.944219542794881,2015,Pre-fire
2015-06-06,2015-06-07,2.0226411860000004e-06,-7.871900832000001e-07,Aggregated,-5.6940811536906475,-6.103920385662393,2015,Pre-fire
2015-06-18,2015-06-19,2.0281077838000003e-06,-9.183884304000004e-07,Aggregated,-5.692908968142597,-6.03697359603178,2015,Pre-fire
2015-06-24,2015-06-30,1.2627840918000002e-06,-1.348427457333333e-07,Aggregated,-5.8986708978654985,-6.87017241274633,2015,Pre-fire
2016-04-25,,2.32002410632e-05,-1.4224087475600007e-05,,-4.63450750252834,-4.846975585532075,2016,Pre-fire
2016-04-26,,1.5907799598000003e-05,-7.292441465199995e-06,,-4.798389888771736,-5.137127048177113,2016,Pre-fire
2016-04-27,,1.3327565436400002e-05,-2.580234161600001e-06,,-4.87524917647528,-5.588340879123555,2016,Pre-fire
2016-04-28,,1.1785984856800004e-05,-1.541580579599998e-06,,-4.928634121242942,-5.812033769438282,2016,Pre-fire
2016-04-30,,1.04521349936e-05,-8.63722452399999e-07,,-4.980794989817562,-6.063625790803221,2016,Pre-fire
2016-05-01,,9.6868113016e-06,-7.653236920000009e-07,,-5.013819160206611,-6.116154842079404,2016,Pre-fire
2016-05-02,,8.516959372400002e-06,-1.169851929199998e-06,,-5.069715424421097,-5.931869104408452,2016,Pre-fire
2016-05-08,2016-05-10,6.5544507622e-06,-5.357265843999995e-07,Aggregated,-5.183463694658794,-6.271056802065148,2016,Pre-fire
2016-05-11,2016-05-12,5.297133268200001e-06,-7.871900832000018e-07,Aggregated,-5.275959100706878,-6.103920385662392,2016,Pre-fire
2016-05-24,,4.406077826800001e-06,-9.511880171999992e-07,,-5.355947835952552,-6.021733629475044,2016,Pre-fire
2016-05-25,2016-05-26,3.8949509325000004e-06,-7.981232788000006e-07,Aggregated,-5.409498009077095,-6.097930021973205,2016,Pre-fire
2016-05-27,2016-05-30,3.2307592998e-06,-2.551078973333336e-07,Aggregated,-5.490695396876387,-6.593276096799067,2016,Pre-fire
2016-05-31,2016-06-06,2.6786329220000007e-06,-1.2026515159999993e-07,Aggregated,-5.5720867977291295,-6.919860196935437,2016,Pre-fire
2016-06-15,,4.253013088400001e-06,-8.199896699999998e-07,,-5.371303280767954,-6.086191618701962,2016,Pre-fire
2016-06-16,,3.4767562008000004e-06,-7.762568876000005e-07,,-5.458825762109229,-6.109994533374586,2016,Pre-fire
2016-06-19,2016-06-22,2.9382963175000006e-06,-2.660410929333332e-07,Aggregated,-5.53190440917,-6.575051276692869,2016,Pre-fire
2016-06-25,2016-06-28,2.1839058211000005e-06,-3.061294768e-07,Aggregated,-5.6607660941076325,-6.514094850751443,2016,Pre-fire
2016-07-12,,2.0663739684e-06,-1.5306473840000006e-06,,-5.684791077920417,-5.815124846415424,2016,Pre-fire
2016-07-13,2016-07-15,1.6181129488000004e-06,-3.771952481999998e-07,Aggregated,-5.790991166698705,-6.423433787020388,2016,Pre-fire
2017-05-17,,6.997245184000001e-05,-2.8546573711600004e-05,,-4.155072908109775,-4.544446010270717,2017,Pre-fire
2017-05-18,,4.1338412563600006e-05,-2.8634039276400007e-05,,-4.383646204731126,-4.543117383668429,2017,Pre-fire
2017-05-19,,2.59882059412e-05,-1.5350206622400007e-05,,-4.585223700365481,-4.813885774299875,2017,Pre-fire
2017-05-20,,1.8662964889200005e-05,-7.325241051999994e-06,,-4.729019360978928,-5.135178079392836,2017,Pre-fire
2017-05-21,,1.4847279624800005e-05,-3.8156852644e-06,,-4.828353112149179,-5.4184274551344815,2017,Pre-fire
2017-05-22,,1.26387741136e-05,-2.2085055112000043e-06,,-4.898295048009151,-5.655901512647037,2017,Pre-fire
2017-05-23,,1.09659951868e-05,-1.6727789268e-06,,-4.959951949073243,-5.776561451276063,2017,Pre-fire
2017-05-24,,9.9273416048e-06,-1.0386535820000011e-06,,-5.003167033572577,-5.983529276804814,2017,Pre-fire
2017-05-25,2017-05-27,9.533746563200002e-06,-4.0999483499999947e-07,Aggregated,-5.0207363971610945,-6.387221614365943,2017,Pre-fire
2017-05-31,2017-06-02,8.046831961600002e-06,-5.903925624000001e-07,Aggregated,-5.094375067756163,-6.228859122270693,2017,Pre-fire
2017-06-03,2017-06-05,6.975378792800002e-06,-3.881284438000007e-07,Aggregated,-5.156432203372499,-6.411024529038567,2017,Pre-fire
2017-06-06,2017-06-07,6.313920459000001e-06,-6.997245183999991e-07,Aggregated,-5.19970089352948,-6.1550729081097755,2017,Pre-fire
2017-06-11,,7.106577140000002e-06,-9.621212127999988e-07,,-5.148339525450806,-6.016770209943494,2017,Pre-fire
2017-06-12,,6.2647210788000005e-06,-8.418560612000015e-07,,-5.203098260126271,-6.074762156921179,2017,Pre-fire
2017-06-13,2017-06-14,5.887525830600001e-06,-7.871900831999993e-07,Aggregated,-5.230067174459661,-6.103920385662394,2017,Pre-fire
2017-06-17,,4.766873281600001e-06,-1.0386535820000011e-06,,-5.321766392825076,-5.983529276804814,2017,Pre-fire
2017-06-21,2017-06-24,6.248321285400001e-06,-3.826618460000002e-07,Aggregated,-5.204236647362361,-6.4171848377433856,2017,Pre-fire
2017-06-27,2017-06-29,5.220600899000001e-06,-4.209280305999999e-07,Aggregated,-5.2822795061738965,-6.375792152585161,2017,Pre-fire
2017-06-30,2017-07-04,4.5919421520000005e-06,-1.803977274e-07,Aggregated,-5.338003591695761,-6.743768937879755,2017,Pre-fire
2017-07-05,2017-07-09,3.662620526000001e-06,-2.0226411860000015e-07,Aggregated,-5.4362080750568165,-6.6940811536906475,2017,Pre-fire
2017-07-18,2017-07-25,2.2221720057000004e-06,-1.0777007091428578e-07,Aggregated,-5.653222327827556,-6.967501831370663,2017,Pre-fire
2017-07-29,2017-08-03,1.2873837819000001e-06,-1.4650482104000003e-07,Aggregated,-5.890291966292728,-6.834148083728854,2017,Pre-fire
2018-04-18,,7.552651520480001e-05,-2.548527894359998e-05,,-4.12190055319824,-4.593710608573085,2018,Pre-fire
2018-04-19,,5.380225554760001e-05,-2.17242596572e-05,,-4.2691995170595805,-4.663055014983847,2018,Pre-fire
2018-04-20,,4.202720388640001e-05,-1.1775051661200005e-05,,-4.376469503097154,-4.92903717879568,2018,Pre-fire
2018-04-21,,3.4089703880800005e-05,-7.937500005600002e-06,,-4.467376771240839,-5.1003162613935675,2018,Pre-fire
2018-04-22,,2.8152978670000005e-05,-5.936725210800001e-06,,-4.550475648716452,-5.226453052504815,2018,Pre-fire
2018-04-23,,2.3353305801600007e-05,-4.799672868399998e-06,,-4.6316516337371425,-5.31878836185154,2018,Pre-fire
2018-04-24,,2.0576274119200003e-05,-2.777031682400004e-06,,-4.686633263002424,-5.556419165473723,2018,Pre-fire
2018-04-25,,1.8783230040800004e-05,-1.793044078399999e-06,,-4.726229722598438,-5.746409034045964,2018,Pre-fire
2018-04-26,,1.72853822436e-05,-1.497847797200003e-06,,-4.762321012161452,-5.824532314937254,2018,Pre-fire
2018-04-27,,1.62467286616e-05,-1.0386535819999994e-06,,-4.789234072669105,-5.9835292768048145,2018,Pre-fire
2018-04-29,,1.4967544776400002e-05,-8.527892568000011e-07,,-4.824849433959671,-6.06915827940318,2018,Pre-fire
2018-04-30,,1.4191287888800003e-05,-7.762568875999988e-07,,-4.847978189629311,-6.1099945333745875,2018,Pre-fire
2018-05-01,,1.3436897392400004e-05,-7.543904963999996e-07,,-4.871700999207207,-6.122403791356406,2018,Pre-fire
2018-05-02,,1.2584108135600002e-05,-8.527892568000011e-07,,-4.90017755846387,-6.06915827940318,2018,Pre-fire
2018-05-03,,1.17313188788e-05,-8.527892568000028e-07,,-4.930653160127711,-6.0691582794031795,2018,Pre-fire
2018-05-04,,1.1009727969200002e-05,-7.215909095999974e-07,,-4.958223411540044,-6.141708946551795,2018,Pre-fire
2018-05-08,,8.670024110800001e-06,-7.653236920000009e-07,,-5.061979694776058,-6.116154842079404,2018,Pre-fire
2018-05-09,,7.2377754872000015e-06,-1.4322486235999995e-06,,-5.140394892653962,-5.843981586437898,2018,Pre-fire
2018-05-05,2018-05-06,1.0474001384800001e-05,-1.0277203863999998e-06,Aggregated,-4.979887373015117,-5.988125028493963,2018,Pre-fire
2018-05-10,2018-05-12,6.6528495226e-06,-4.537276174000004e-07,Aggregated,-5.176992299527578,-6.343204785381569,2018,Pre-fire
2018-05-13,2018-05-14,5.8957257273e-06,-7.981232787999989e-07,Aggregated,-5.229462728319079,-6.097930021973206,2018,Pre-fire
2018-05-15,2018-05-18,5.105802345200001e-06,-2.514634988000004e-07,Aggregated,-5.291936001527549,-6.599525046076068,2018,Pre-fire
2018-05-22,2018-05-25,3.7938188732000007e-06,-3.3528466506666674e-07,Aggregated,-5.420923407302788,-6.474586309467769,2018,Pre-fire
2018-05-27,2018-05-30,3.279958680000001e-06,-3.2799586800000007e-07,Aggregated,-5.4841316273739995,-6.4841316273739995,2018,Pre-fire
2018-06-01,2018-06-05,2.481835401200001e-06,-2.3506370540000012e-07,Aggregated,-5.605227024900539,-6.628814422178056,2018,Pre-fire
2018-06-11,,3.771952482e-06,-2.4490358143999997e-06,,-5.423433787020388,-5.611004863759499,2018,Pre-fire
2018-06-12,,2.5802341616000005e-06,-1.1917183203999994e-06,,-5.588340879123555,-5.923826384153038,2018,Pre-fire
2018-06-21,2018-06-23,3.8484848512000004e-06,-3.4986225919999996e-07,Aggregated,-5.4147102186155305,-6.456102903773756,2018,Pre-fire
2018-07-03,2018-07-04,2.7004993132000003e-06,-8.965220392000004e-07,Aggregated,-5.568555928833996,-6.0474390297099445,2018,Pre-fire
2018-07-10,2018-07-15,1.5087809928000003e-06,-1.4650482104000009e-07,Aggregated,-5.821373795692425,-6.834148083728854,2018,Pre-fire
2019-04-12,,0.0002676774278748,-7.402866740760001e-05,,-3.5723882495180677,-4.130600068296237,2019,Pre-fire
2019-04-13,,0.0001604774450168,-0.000107199982858,,-3.7945859987300516,-3.9698052840898588,2019,Pre-fire
2019-04-14,,0.0001242448347984,-3.623261021840001e-05,,-3.9057216570427635,-4.440900378010344,2019,Pre-fire
2019-04-15,,9.344602279320004e-05,-3.079881200519996e-05,,-4.029439178134522,-4.511466035107889,2019,Pre-fire
2019-04-16,,8.633944565320001e-05,-7.106577140000026e-06,,-4.063790744080599,-5.148339525450805,2019,Pre-fire
2019-04-17,,6.708608820160001e-05,-1.9253357451600004e-05,,-4.173367531152737,-4.715493526126385,2019,Pre-fire
2019-04-18,,5.516890499760001e-05,-1.1917183204e-05,,-4.258305635912106,-4.923826384153038,2019,Pre-fire
2019-04-19,,4.7887396728e-05,-7.281508269600013e-06,,-4.319778771589562,-5.13777865292336,2019,Pre-fire
2019-04-20,,4.23333333632e-05,-5.554063364799994e-06,,-4.373317533457306,-5.255389169809743,2019,Pre-fire
2019-04-21,,3.4330234184e-05,-8.0030991792e-06,,-4.464323234020447,-5.09674180103527,2019,Pre-fire
2019-04-22,,2.9191632252000004e-05,-5.138601931999999e-06,,-4.534741620729086,-5.289155024157944,2019,Pre-fire
2019-04-23,,2.54524793568e-05,-3.7391528952000027e-06,,-4.5942699061158105,-5.427226776037527,2019,Pre-fire
2019-04-24,,2.23693181976e-05,-3.083161159200003e-06,,-4.650347252717521,-5.5110037737743,2019,Pre-fire
2019-04-25,,2.020454546880001e-05,-2.164772728799989e-06,,-4.6945509152095735,-5.664587691832133,2019,Pre-fire
2019-04-26,,1.8531766542000003e-05,-1.6727789268000068e-06,,-4.732083179554561,-5.776561451276061,2019,Pre-fire
2019-04-27,,1.6891787202e-05,-1.6399793400000013e-06,,-4.772324398332808,-5.78516162303798,2019,Pre-fire
2019-04-28,,1.50440771456e-05,-1.8477100564000022e-06,,-4.82263444819417,-5.733366177479987,2019,Pre-fire
2019-04-29,,1.3721160478000002e-05,-1.3229166675999976e-06,,-4.862609156276605,-5.878467511777212,2019,Pre-fire
2019-04-30,,1.2977703177200003e-05,-7.434573007999983e-07,,-4.886802163139071,-6.128743969387426,2019,Pre-fire
2019-05-03,,1.0823863644e-05,-1.191718320400004e-06,,-4.9656176874961115,-5.9238263841530365,2019,Pre-fire
2019-05-01,2019-05-02,1.2556775146600002e-05,-9.621212127999988e-07,Aggregated,-4.901121882562617,-6.016770209943494,2019,Pre-fire
2019-05-06,,9.9273416048e-06,-7.54390496400003e-07,,-5.003167033572577,-6.122403791356405,2019,Pre-fire
2019-05-07,2019-05-08,9.451747596200001e-06,-1.0933195599999974e-06,Aggregated,-5.024487884483721,-5.961252882093663,2019,Pre-fire
2019-05-09,2019-05-11,8.363894634000002e-06,-4.6466081300000086e-07,Aggregated,-5.077591446940044,-6.33286395204335,2019,Pre-fire
2019-05-30,,3.3674242448000006e-06,-7.543904964000001e-07,,-5.472702165593217,-6.122403791356406,2019,Pre-fire
2019-05-27,2019-05-29,4.865272042000001e-06,-4.6466081300000044e-07,Aggregated,-5.31289287111273,-6.33286395204335,2019,Pre-fire
2019-06-01,2019-06-03,2.9902289966000004e-06,-3.7719524820000024e-07,Aggregated,-5.5242955514242125,-6.423433787020388,2019,Pre-fire
2019-06-09,,2.3943698364000005e-06,-1.1917183204000002e-06,,-5.620808767253544,-5.923826384153038,2019,Pre-fire
2019-06-10,2019-06-14,1.9570420124e-06,-2.2139721090000004e-07,Aggregated,-5.708399851113769,-6.654827854542974,2019,Pre-fire
2019-06-28,2019-06-29,3.3018250712e-06,-1.0277203863999994e-06,Aggregated,-5.481245939136511,-5.988125028493964,2019,Pre-fire
2019-07-03,2019-07-05,2.2139721090000003e-06,-3.9906163939999997e-07,Aggregated,-5.654827854542974,-6.3989600176371875,2019,Pre-fire
2019-07-11,2019-07-15,1.3119834720000005e-06,-1.9953081969999988e-07,Aggregated,-5.882071636046037,-6.699990013301169,2019,Pre-fire
2020-06-17,,1.2693440091600002e-05,-7.850034440800002e-06,,-4.896420662355088,-5.105128437851361,2020,Pre-fire
2020-06-18,,7.959366396800001e-06,-4.7340736948e-06,,-5.0991215027806245,-5.3247649857402966,2020,Pre-fire
2020-06-19,,5.991391188800001e-06,-1.9679752080000003e-06,,-5.222472323609293,-5.705980376990356,2020,Pre-fire
2020-06-20,,5.237000692400001e-06,-7.543904964000005e-07,,-5.2809173686790984,-6.122403791356406,2020,Pre-fire
2020-06-21,2020-06-22,4.786006373900001e-06,-9.949207996000002e-07,Aggregated,-5.320026727338178,-6.002211489772568,2020,Pre-fire
2020-06-23,2020-06-25,3.7555526886000004e-06,-3.717286504e-07,Aggregated,-5.425326140698092,-6.429773965051407,2020,Pre-fire
2020-06-30,2020-07-01,3.4794894997000003e-06,-7.762568875999997e-07,Aggregated,-5.458484469767969,-6.109994533374587,2020,Pre-fire
2020-07-07,2020-07-14,2.2467716958000003e-06,-1.1401761125714288e-07,Aggregated,-5.648441055881574,-6.943028061987462,2020,Pre-fire
2020-07-15,2020-07-23,1.5142475906000003e-06,-8.883221424999994e-08,Aggregated,-5.819803108693194,-7.05142951244275,2020,Pre-fire
2021-06-24,2021-06-27,3.3783574404e-06,-2.478191002666667e-07,Aggregated,-5.4712944026688275,-6.605865224107088,2021,Post-fire
2022-06-13,,9.23527032332e-05,-1.8881628801200003e-05,,-4.0345503879110165,-4.723960544526203,2022,Post-fire
2022-06-14,,7.694783063280002e-05,-1.540487260039998e-05,,-4.1138036195944885,-4.812341888984306,2022,Post-fire
2022-06-15,,6.0154442191200005e-05,-1.6793388441600012e-05,,-4.220732296039997,-4.774861666398168,2022,Post-fire
2022-06-16,,4.626928377920001e-05,-1.3885158411999996e-05,,-4.334707223066532,-4.857449161137705,2022,Post-fire
2022-06-17,,3.84083161428e-05,-7.860967636400012e-06,,-4.4155747323016366,-5.104523991710779,2022,Post-fire
2022-06-18,,3.2821453191200004e-05,-5.586862951599993e-06,,-4.48384219418641,-5.252831981958949,2022,Post-fire
2022-06-19,,2.8666838863200003e-05,-4.154614328000001e-06,,-4.542620194739596,-5.381469285476851,2022,Post-fire
2022-06-20,,2.4916752772400004e-05,-3.750086090799999e-06,,-4.603508556913286,-5.425958762050891,2022,Post-fire
2022-06-21,,2.2303719024000004e-05,-2.6130337483999997e-06,,-4.651622714667763,-5.582854981145524,2022,Post-fire
2022-06-22,,2.06965392708e-05,-1.6071797532000058e-06,,-4.684102268129865,-5.793935547345484,2022,Post-fire
2022-06-23,,1.85426997376e-05,-2.1538395331999995e-06,,-4.731827034172967,-5.666786655932069,2022,Post-fire
2022-06-24,,1.7077651527200005e-05,-1.465048210399994e-06,,-4.76757185255238,-5.834148083728856,2022,Post-fire
2022-06-25,,1.62467286616e-05,-8.309228656000036e-07,,-4.789234072669105,-6.080439289812868,2022,Post-fire
2022-06-26,,1.4825413233600004e-05,-1.4213154279999974e-06,,-4.828993192562617,-5.847309529786826,2022,Post-fire
2022-06-29,2022-06-30,1.4442751387600003e-05,-1.180785124799996e-06,Aggregated,-4.840350064479135,-5.927829126606714,2022,Post-fire
2022-07-01,2022-07-02,1.3398631207800002e-05,-8.965220392000029e-07,Aggregated,-4.872939566505565,-6.047439029709944,2022,Post-fire
2022-07-03,2022-07-04,1.2365444223600004e-05,-1.1589187335999984e-06,Aggregated,-4.907790277168206,-5.935947016828892,2022,Post-fire
2022-07-06,,1.30323691552e-05,-1.0495867776000024e-06,,-4.884976626689444,-5.978981649054092,2022,Post-fire
2022-07-07,,1.15454545536e-05,-1.4869146016e-06,,-4.937588963895868,-5.827713973723444,2022,Post-fire
2022-07-08,,1.0780130861600002e-05,-7.653236919999975e-07,,-4.96737596715245,-6.116154842079406,2022,Post-fire
2022-07-09,2022-07-10,1.02744705651e-05,-9.730544084000001e-07,Aggregated,-4.988240547707812,-6.011862875448749,2022,Post-fire
2022-07-11,2022-07-12,9.347882238000003e-06,-8.74655648000002e-07,Aggregated,-5.029286767365489,-6.0581628951017175,2022,Post-fire
2022-07-13,2022-07-15,8.670024110800003e-06,-3.935950415999992e-07,Aggregated,-5.061979694776058,-6.404950381326375,2022,Post-fire
2022-07-16,2022-07-18,7.8281680496e-06,-4.0452823719999967e-07,Aggregated,-5.106339859785806,-6.393051158026667,2022,Post-fire
2022-07-23,2022-07-27,6.762181478600001e-06,-1.858643252e-07,Aggregated,-5.169913178128522,-6.730803960715388,2022,Post-fire
2022-07-28,2022-07-30,5.936725210800001e-06,-4.2092803060000034e-07,Aggregated,-5.226453052504815,-6.375792152585161,2022,Post-fire
2022-07-31,2022-08-02,5.067536160600001e-06,-3.771952481999998e-07,Aggregated,-5.295203143613146,-6.423433787020388,2022,Post-fire
2022-08-10,2022-08-11,4.6684745212e-06,-1.0714531688e-06,Aggregated,-5.330825007068638,-5.970026806401167,2022,Post-fire
2022-08-12,2022-08-16,3.8594180468e-06,-1.7493112959999998e-07,Aggregated,-5.413478176705839,-6.757132899437737,2022,Post-fire
2022-08-19,2022-08-23,3.2416924954000005e-06,-1.858643251999998e-07,Aggregated,-5.48922818439338,-6.730803960715388,2022,Post-fire
2023-04-22,,0.0001011976584736,-0.00012217846083,,-3.9948295361499686,-3.9130053502896875,2023,Post-fire
2023-04-23,,8.260029275800001e-05,-1.8597365715599987e-05,,-4.083018413418618,-4.730548568481093,2023,Post-fire
2023-04-24,,6.976472112360001e-05,-1.2835571634400007e-05,,-4.15636413747127,-4.891584785182066,2023,Post-fire
2023-04-25,,5.911578860920001e-05,-1.0648932514399998e-05,,-4.228296512518037,-4.972693925215046,2023,Post-fire
2023-04-26,,5.06862948016e-05,-8.429493807600011e-06,,-4.295109454802104,-5.0741985040427044,2023,Post-fire
2023-04-27,,4.4093577854800014e-05,-6.5927169467999835e-06,,-4.355624660086043,-5.180935569953512,2023,Post-fire
2023-04-28,,4.0015495896000006e-05,-4.078081958800007e-06,,-4.397771796699251,-5.389544050284973,2023,Post-fire
2023-04-29,,3.56750172428e-05,-4.3404786532000045e-06,,-4.447635808305787,-5.362462375330546,2023,Post-fire
2023-04-30,,3.2569989692400006e-05,-3.1050275503999953e-06,,-4.487182378878618,-5.507934542046625,2023,Post-fire
2023-05-01,,3.0328684594400007e-05,-2.2413050979999997e-06,,-4.518146425356395,-5.649499021037908,2023,Post-fire
2023-05-02,,2.7868715584400005e-05,-2.459969010000002e-06,,-4.554883046624394,-5.6090703639822985,2023,Post-fire
2023-05-03,,2.5365013792000005e-05,-2.5037017924000003e-06,,-4.595764897202762,-5.601417399753774,2023,Post-fire
2023-05-11,,2.2566115718400005e-05,-3.4111570271999977e-06,,-4.646543189138488,-5.467098288075219,2023,Post-fire
2023-05-12,,1.8400568194800004e-05,-4.165547523600001e-06,,-4.735168766117837,-5.380327906418042,2023,Post-fire
2023-05-13,,1.6498192160400002e-05,-1.9023760344000019e-06,,-4.782563642318072,-5.720703633811062,2023,Post-fire
2023-05-14,,1.4847279624800005e-05,-1.6509125355999975e-06,,-4.828353112149179,-5.782275934800493,2023,Post-fire
2023-05-15,,1.4049156346000002e-05,-7.981232788000031e-07,,-4.852349754426348,-6.097930021973204,2023,Post-fire
2023-05-17,,1.4366219018400002e-05,-2.295971076000001e-06,,-4.8426575168699,-5.639033587359743,2023,Post-fire
2023-05-18,,1.24419765928e-05,-1.9242424256000028e-06,,-4.905110620034609,-5.715740214279512,2023,Post-fire
2023-05-19,,1.15235881624e-05,-9.183884303999987e-07,,-4.938412271217134,-6.036973596031781,2023,Post-fire
2023-05-20,,1.08019972528e-05,-7.215909096000008e-07,,-4.966495937506034,-6.141708946551793,2023,Post-fire
2023-05-21,2023-05-22,1.04275353035e-05,-7.762568875999971e-07,Aggregated,-4.981818331130725,-6.109994533374588,2023,Post-fire
2023-05-23,2023-05-25,9.550146356600001e-06,-5.575929756000009e-07,Aggregated,-5.019989972774712,-6.2536827059957245,2023,Post-fire
2023-05-31,2023-06-01,8.191696803300002e-06,-7.981232788000014e-07,Aggregated,-5.086626130475979,-6.097930021973205,2023,Post-fire
2023-06-02,2023-06-04,7.341640845400002e-06,-5.903925624000001e-07,Aggregated,-5.134206865088927,-6.228859122270693,2023,Post-fire
2023-06-10,,6.374053034800001e-06,-8.418560612000007e-07,,-5.195584327334648,-6.07476215692118,2023,Post-fire
2023-06-11,2023-06-12,6.037857270100001e-06,-8.199896699999998e-07,Aggregated,-5.219117157550189,-6.086191618701962,2023,Post-fire
2023-06-27,,4.832472455200001e-06,-1.0058539952000006e-06,,-5.31583061274457,-5.9974650547481065,2023,Post-fire
2023-06-28,2023-07-01,4.302212468600001e-06,-2.587522958666668e-07,Aggregated,-5.366308145398579,-6.587115788094248,2023,Post-fire
2023-08-06,2023-08-08,2.3451704562000006e-06,-4.2639462840000025e-07,Aggregated,-5.6298255855729185,-6.370188275067163,2023,Post-fire
2023-09-02,,2.0882403596e-06,-1.2245179071999999e-06,,-5.680219514845934,-5.91203485942348,2023,Post-fire
2024-06-04,,2.6655130872800005e-05,-7.874087471119999e-05,,-4.574219180811299,-4.103799765058395,2024,Post-fire
2024-06-05,,1.6279528248400003e-05,-1.0375602624400002e-05,,-4.788358184341486,-4.983986669666369,2024,Post-fire
2024-06-06,,1.23107782456e-05,-3.968750002800003e-06,,-4.909714491578335,-5.401346257057549,2024,Post-fire
2024-06-07,,9.992940778400002e-06,-2.3178374671999986e-06,,-5.00030668635983,-5.6349170211649104,2024,Post-fire
2024-06-08,,8.998019978800001e-06,-9.94920799600001e-07,,-5.045853046881392,-6.002211489772567,2024,Post-fire
2024-06-09,,8.046831961600002e-06,-9.511880171999992e-07,,-5.094375067756163,-6.021733629475044,2024,Post-fire
2024-06-10,2024-06-11,7.573971251900001e-06,-9.949207996000002e-07,Aggregated,-5.120676347639392,-6.002211489772568,2024,Post-fire
2024-06-12,2024-06-14,6.658316120400001e-06,-5.521263778000002e-07,Aggregated,-5.176635589460786,-6.257961503975,2024,Post-fire
2024-06-16,2024-06-18,5.7071281032000005e-06,-4.919938019999994e-07,Aggregated,-5.243582379091399,-6.308040368318318,2024,Post-fire
2024-06-28,2024-06-30,6.01325758e-06,-3.607954548e-07,Aggregated,-5.220890192599418,-6.442738942215774,2024,Post-fire
2024-07-01,2024-07-04,5.310799762700001e-06,-2.879074841333333e-07,Aggregated,-5.274840072821841,-6.540747045522883,2024,Post-fire
2024-07-05,2024-07-09,4.4060778268000005e-06,-1.9953081970000014e-07,Aggregated,-5.355947835952552,-6.699990013301168,2024,Post-fire
2024-07-23,2024-07-25,3.033961779000001e-06,-4.3186122620000015e-07,Aggregated,-5.517989894634966,-6.3646557864672015,2024,Post-fire
2024-07-30,2024-08-01,2.9027634318000006e-06,-3.9359504159999985e-07,Aggregated,-5.5371883566761735,-6.404950381326374,2024,Post-fire
2024-08-04,2024-08-07,2.3178374672000003e-06,-2.5510789733333336e-07,Aggregated,-5.6349170211649104,-6.593276096799067,2024,Post-fire
2024-08-18,,3.5204889832000005e-06,-3.3564910492000006e-06,,-5.453397010397831,-5.474114506616475,2024,Post-fire
2024-08-19,,2.5146349880000003e-06,-1.0058539952000002e-06,,-5.599525046076069,-5.9974650547481065,2024,Post-fire
2024-08-24,2024-08-25,3.2334925987e-06,-1.1042527555999996e-06,Aggregated,-5.490328128793694,-5.956931508311019,2024,Post-fire
2024-08-26,2024-08-29,2.2057722123e-06,-2.4417470173333333e-07,Aggregated,-5.6564393386995535,-6.612299334112498,2024,Post-fire
2025-04-10,,4.2068261673202615e-05,-1.5034624509803922e-05,,-4.376045433343912,-4.822907413945674,2025,Post-fire
2025-04-11,,3.471734532026143e-05,-7.350916352941182e-06,,-4.459453490777792,-5.133658519117186,2025,Post-fire
2025-04-12,,2.985907081045752e-05,-4.8582745098039125e-06,,-4.524923711285133,-5.3135179496533915,2025,Post-fire
2025-04-13,,2.657719070588236e-05,-3.2818801045751605e-06,,-4.575490927283928,-5.4838772888747975,2025,Post-fire
2025-04-14,,2.38150303006536e-05,-2.7621604052287606e-06,,-4.623148861584753,-5.558751104510852,2025,Post-fire
2025-04-15,,2.1258883869281048e-05,-2.5561464313725517e-06,,-4.672459540477665,-5.592414270812734,2025,Post-fire
2025-04-16,,1.889776245751634e-05,-2.361121411764709e-06,,-4.723589614338945,-5.626881680391096,2025,Post-fire
2025-04-17,,1.6702516418300653e-05,-2.1952460392156855e-06,,-4.777218092669674,-5.658516797751925,2025,Post-fire
2025-04-18,,1.522317183006536e-05,-1.479344588235293e-06,,-4.817494850536582,-5.829930652684497,2025,Post-fire
2025-04-19,,1.4350417516339867e-05,-8.727543137254931e-07,,-4.843135463222343,-6.059107995939681,2025,Post-fire
2025-04-20,,1.3644463960784312e-05,-7.059535555555552e-07,,-4.86504352144123,-6.151223870094698,2025,Post-fire
2025-04-21,,1.2668644823529412e-05,-9.758191372548996e-07,,-4.897269839508089,-6.010630668983843,2025,Post-fire
2025-04-22,2025-04-23,1.2098983218954248e-05,-1.1938631241830067e-06,Aggregated,-4.91725112562999,-5.9230454620002275,2025,Post-fire
2025-04-26,2025-04-27,1.0752373630718956e-05,-1.1022499477124168e-06,Aggregated,-4.968495652870959,-5.957719913103327,2025,Post-fire
2025-04-30,2025-05-01,9.438123620915034e-06,-9.293185098039222e-07,Aggregated,-5.025114338549582,-6.031835412655638,2025,Post-fire
2025-05-04,2025-05-05,8.32716926470588e-06,-6.957743137254893e-07,Aggregated,-5.079502607434819,-6.157531608375428,2025,Post-fire
2025-05-06,2025-05-10,7.727259117647058e-06,-2.0170514705882352e-07,Aggregated,-5.111974524343884,-6.695283019433618,2025,Post-fire
2025-05-13,,8.184457450980392e-06,-1.3386859738562074e-06,,-5.087010104749908,-5.873321286928259,2025,Post-fire
2025-05-14,,7.4869480392156865e-06,-6.975094117647056e-07,,-5.125695180944382,-6.156449927911139,2025,Post-fire
2025-05-15,2025-05-16,6.889640539215686e-06,-1.0601449019607848e-06,Aggregated,-5.161803436424379,-5.974634770753055,2025,Post-fire
2025-05-20,,7.712510784313725e-06,-2.1674844705882345e-06,,-5.112804215689377,-5.664044005437448,2025,Post-fire
2025-05-21,,6.790016993464052e-06,-9.224937908496729e-07,,-5.1681291388036765,-6.035036548322072,2025,Post-fire
2025-05-22,2025-05-24,6.458381921568627e-06,-4.4302836601307186e-07,Aggregated,-5.189876276208706,-6.353568466082669,2025,Post-fire
2025-06-05,2025-06-08,4.645667163398692e-06,-2.451500740740742e-07,Aggregated,-5.332951908241611,-6.610567971192199,2025,Post-fire
2025-06-22,,1.1466337555555554e-05,-1.73174351633987e-06,,-4.940575277251972,-5.761516429689731,2025,Post-fire
2025-06-23,,6.227382535947712e-06,-5.238955019607842e-06,,-5.2056944555972935,-5.280755330282721,2025,Post-fire
2025-06-24,,5.243234928104574e-06,-9.841476078431375e-07,,-5.280400682874929,-6.006939758820599,2025,Post-fire
2025-06-25,2025-06-26,4.850119549019607e-06,-7.821821960784311e-07,Aggregated,-5.314247556482344,-6.106692073621541,2025,Post-fire
2025-06-27,2025-07-02,4.0470005032679735e-06,-1.4887141176470563e-07,Aggregated,-5.392866741601393,-6.827188693146905,2025,Post-fire
2025-07-09,,2.3768529673202617e-06,-9.816027973856206e-07,,-5.623997682998991,-6.008064212620694,2025,Post-fire
2025-07-06,2025-07-08,3.992402751633988e-06,-3.923635032679736e-07,Aggregated,-5.398765653760076,-6.406311396466615,2025,Post-fire
2025-08-17,2025-08-18,2.386193578431373e-06,-9.447030457516343e-07,Aggregated,-5.6222943273738055,-6.0247046844627885,2025,Post-fire
2025-08-19,2025-08-22,1.545509660130719e-06,-2.4515007407407404e-07,Aggregated,-5.810928276056287,-6.610567971192199,2025,Post-fire
