gridcode,month,date,mean,stdDev,standard_error,count
0,2020_01,2020-01-01,8.90216693228038,2.0444076372538356,0.07988161648532226,655
1,2020_01,2020-01-01,8.640237174730451,2.4227214092931413,0.018993121855941295,16271
2,2020_01,2020-01-01,8.587870286481497,2.4647120644878915,0.01754121283838064,19743
3,2020_01,2020-01-01,8.461847884222545,2.539866737663681,0.019197393997765322,17504
0,2020_02,2020-02-01,27.439746435584304,3.9887082692385913,0.14823917538063555,724
1,2020_02,2020-02-01,26.49370753225296,4.520826354156424,0.031513391205777896,20580
2,2020_02,2020-02-01,26.88693011220396,4.803008557540617,0.03042622379887178,24919
3,2020_02,2020-02-01,26.096141309048477,4.7815100108225215,0.032365919020244376,21825
0,2020_03,2020-03-01,48.05191435548569,6.439623957623784,0.24356894755112352,699
1,2020_03,2020-03-01,47.219595099497965,7.3364394475116095,0.051763996311468656,20087
2,2020_03,2020-03-01,47.31910042343155,7.868372423754765,0.050459023342100166,24316
3,2020_03,2020-03-01,44.91545252310765,8.069191693767225,0.05524770541164172,21332
0,2020_04,2020-04-01,92.17423414762031,8.562113048169675,0.3261905287250883,689
1,2020_04,2020-04-01,91.07513227115824,9.447338146661856,0.06674272722866782,20036
2,2020_04,2020-04-01,90.44872950815235,9.992668776929328,0.06397543965731357,24397
3,2020_04,2020-04-01,89.76747480347612,10.667145804889225,0.07215111061170068,21858
0,2020_05,2020-05-01,110.35865818629426,9.335643494036713,0.34157333321683564,747
1,2020_05,2020-05-01,110.60291197395797,10.22946237396066,0.06989288037191639,21421
2,2020_05,2020-05-01,109.7664484283068,11.012288562748074,0.06778493814947732,26393
3,2020_05,2020-05-01,109.84853185257353,11.532229310045272,0.07470997430187383,23827
0,2020_06,2020-06-01,118.10440179430951,6.611251454576495,0.2415698706324589,749
1,2020_06,2020-06-01,120.34503294530768,6.514554405734987,0.04450243381637467,21429
2,2020_06,2020-06-01,120.09982338614665,6.736081132736886,0.04145143345482127,26408
3,2020_06,2020-06-01,120.87103203646471,6.491179761116628,0.04203282208042348,23849
0,2020_07,2020-07-01,158.01458388808058,9.664942859597637,0.3531493261607714,749
1,2020_07,2020-07-01,159.66318767505336,10.128378598688796,0.06918284936806199,21433
2,2020_07,2020-07-01,159.19797890670418,10.247434856783258,0.06305427287328748,26412
3,2020_07,2020-07-01,159.65945795468346,10.08248870359547,0.065286524901194,23850
0,2020_08,2020-08-01,139.73085352614618,12.87284006006835,0.4703633388245172,749
1,2020_08,2020-08-01,142.35795187975606,12.670495467797927,0.08654701942923589,21433
2,2020_08,2020-08-01,143.24672970502627,12.552567209157742,0.07723815853706907,26412
3,2020_08,2020-08-01,143.0484772153333,11.648634840032345,0.07542769557257126,23850
0,2020_09,2020-09-01,79.91622457548988,10.459565860927366,0.3821842187150276,749
1,2020_09,2020-09-01,82.10815489350284,9.283865392175366,0.06341432191954013,21433
2,2020_09,2020-09-01,82.25981590976579,9.261900322626524,0.056990105175589736,26412
3,2020_09,2020-09-01,83.16017580397927,8.974070174484634,0.05810924992185942,23850
0,2020_10,2020-10-01,51.615370434853745,6.553552471880685,0.23946159568917222,749
1,2020_10,2020-10-01,49.211620332725445,7.11302908914425,0.04858621893227968,21433
2,2020_10,2020-10-01,49.581982864272476,7.135966126425911,0.043908857351979226,26412
3,2020_10,2020-10-01,47.52489918822116,6.790046161108299,0.04396717227358471,23850
0,2020_11,2020-11-01,19.946541203541965,2.9959029804960364,0.10968780134912759,746
1,2020_11,2020-11-01,18.230012760309346,3.324198263782512,0.022750344565354897,21350
2,2020_11,2020-11-01,18.166258653435122,3.379430267857731,0.02086664477966101,26229
3,2020_11,2020-11-01,16.986297529898312,3.552845676438943,0.02313293747802408,23588
0,2020_12,2020-12-01,16.246328139945135,3.797670628680577,0.14143264499632402,721
1,2020_12,2020-12-01,14.4572024386191,4.188875492279424,0.0290627956462873,20774
2,2020_12,2020-12-01,14.731754993050533,4.015176215612663,0.02527268193558983,25241
3,2020_12,2020-12-01,14.863515083676635,4.303176173272347,0.02913877233986018,21809
0,2021_01,2021-01-01,17.0581153044686,2.8036214029742235,0.10348355429646737,734
1,2021_01,2021-01-01,15.727708182338372,3.4657891631153377,0.0237992089082444,21207
2,2021_01,2021-01-01,15.75966241988923,3.5710571659874986,0.022153147642306508,25985
3,2021_01,2021-01-01,15.355361534605274,3.907099465652822,0.02563810702113091,23224
0,2021_02,2021-02-01,17.299576615489848,2.663037142748677,0.09938366348535481,718
1,2021_02,2021-02-01,16.78179155728415,2.825416383711534,0.01975477564047421,20456
2,2021_02,2021-02-01,16.92527121637308,2.8452339444756864,0.01811956902456324,24657
3,2021_02,2021-02-01,16.692476595807605,2.81305416914621,0.019185762581619165,21498
0,2021_03,2021-03-01,55.1818201257322,7.000917314394715,0.26127191367088715,718
1,2021_03,2021-03-01,53.621413632448046,7.140686413489921,0.04995563931493342,20432
2,2021_03,2021-03-01,53.54780265105486,7.278185538088575,0.04638045480471325,24625
3,2021_03,2021-03-01,52.44099124519228,7.1173436622462045,0.048560212684452195,21482
0,2021_04,2021-04-01,105.78677873791169,10.552670455087611,0.3946474991414135,715
1,2021_04,2021-04-01,103.92002509140978,12.517801045738901,0.0873216898557029,20550
2,2021_04,2021-04-01,103.14632097606284,13.469314631556244,0.08518912931392324,24999
3,2021_04,2021-04-01,102.33443944412097,13.77495220738575,0.09250144014219616,22176
0,2021_05,2021-05-01,115.81859215034537,7.984133715515961,0.2921241763141154,747
1,2021_05,2021-05-01,115.2359557688606,9.173414115904865,0.06267742252389202,21421
2,2021_05,2021-05-01,114.31931605424717,9.847872808155316,0.06064968406942156,26365
3,2021_05,2021-05-01,114.7801920636838,9.86964208977731,0.06395926537460797,23812
0,2021_06,2021-06-01,150.81102394461368,8.55325238010966,0.31252904009869026,749
1,2021_06,2021-06-01,151.75055189260152,8.451029892071643,0.057725560150750255,21433
2,2021_06,2021-06-01,151.66252510538362,8.460834016101334,0.052061002996638045,26412
3,2021_06,2021-06-01,152.35480992195352,8.272358411609241,0.05356549849032167,23850
0,2021_07,2021-07-01,175.05872472911201,11.080625221243615,0.4048772338510378,749
1,2021_07,2021-07-01,176.23322632930723,12.400040159413898,0.08469964882806708,21433
2,2021_07,2021-07-01,175.24759196848723,12.762482018381258,0.0785298013575318,26412
3,2021_07,2021-07-01,175.283003323135,12.9303226193235,0.08372693037244844,23850
0,2021_08,2021-08-01,150.12506913008707,12.055802417870419,0.4405094331179089,749
1,2021_08,2021-08-01,149.48009540013427,11.33745843175068,0.07744158369060308,21433
2,2021_08,2021-08-01,148.50290209943074,11.78042159592392,0.07248701048146285,26412
3,2021_08,2021-08-01,147.29099441309162,11.348000316728195,0.07348101515775901,23850
0,2021_09,2021-09-01,97.14833780545231,13.792407672086537,0.5039636080926391,749
1,2021_09,2021-09-01,97.18298532531846,12.70397221039686,0.0867756854904409,21433
2,2021_09,2021-09-01,98.29575887978159,12.517588971445038,0.07702293127520426,26412
3,2021_09,2021-09-01,98.03954108059283,11.303545718800656,0.07319316100786705,23850
0,2021_10,2021-10-01,42.002000368488886,5.892802983783164,0.24813176766297532,564
1,2021_10,2021-10-01,41.970720720720934,4.685796479750692,0.036601083752916104,16390
2,2021_10,2021-10-01,42.233068289929655,4.414102484602188,0.031325393135043476,19856
3,2021_10,2021-10-01,42.19675157214196,4.103073446536868,0.030832750748205972,17709
0,2021_11,2021-11-01,17.446337799180892,5.099636772548354,0.18683623526488705,745
1,2021_11,2021-11-01,15.533676589559837,5.501402547342232,0.037711812711697414,21281
2,2021_11,2021-11-01,15.181209866420984,5.779421268238499,0.035697209839372204,26212
3,2021_11,2021-11-01,14.162003427244716,6.246248871448961,0.040719186416892886,23531
0,2021_12,2021-12-01,8.991117170715565,2.3956152542272866,0.08788659986855528,743
1,2021_12,2021-12-01,8.13259925946748,2.7812418138185975,0.019105252305912198,21192
2,2021_12,2021-12-01,8.017577799400197,2.917201749870983,0.018082330773142998,26027
3,2021_12,2021-12-01,7.804100201962293,3.214635635787859,0.021062942463552163,23293
0,2022_01,2022-01-01,19.417826648869642,5.363348018761316,0.19850641606673275,730
1,2022_01,2022-01-01,18.481702997146936,6.012739644956665,0.041553231289131284,20938
2,2022_01,2022-01-01,18.363509677098232,6.330942927515123,0.03968326901845551,25452
3,2022_01,2022-01-01,18.259446660444727,6.618858462281216,0.04427652004214178,22347
0,2022_02,2022-02-01,30.52649420538563,4.704064312337459,0.17410523134487738,730
1,2022_02,2022-02-01,29.12273151544854,4.424041052889369,0.030567381129527536,20947
2,2022_02,2022-02-01,29.402436633365188,4.5994948392158355,0.028804848403062952,25497
3,2022_02,2022-02-01,29.08466792335613,4.450948490495768,0.029616443603824805,22586
0,2022_03,2022-03-01,49.222941700989225,5.209432129159407,0.1933401600924409,726
1,2022_03,2022-03-01,47.02089917845518,5.654627930294726,0.039293839775749045,20709
2,2022_03,2022-03-01,47.29712477915436,6.014883266705596,0.037930865076021836,25146
3,2022_03,2022-03-01,46.335700730922795,6.092254929168617,0.040724684632584836,22379
0,2022_04,2022-04-01,61.90494336383227,8.638005388744483,0.320586448452052,726
1,2022_04,2022-04-01,59.50300566453301,8.599647841493638,0.05971401750091534,20740
2,2022_04,2022-04-01,58.78728207691125,8.642185600526929,0.05445902431687446,25183
3,2022_04,2022-04-01,57.22194096959406,8.819102526493886,0.058583494523535624,22662
0,2022_05,2022-05-01,97.53914921977321,8.476597178379924,0.32995109767256575,660
1,2022_05,2022-05-01,95.24158120595007,10.702455750567161,0.0765222822759623,19561
2,2022_05,2022-05-01,94.47045070827868,11.172800685605798,0.07243925216718418,23789
3,2022_05,2022-05-01,92.51296519894696,11.412179195295238,0.07864672571136214,21056
0,2022_06,2022-06-01,107.72069396366291,7.399066672101538,0.2703560121802997,749
1,2022_06,2022-06-01,107.64453571899091,7.655335029641718,0.052290491025514675,21433
2,2022_06,2022-06-01,106.81816793133656,8.249642388437652,0.050761503687262614,26412
3,2022_06,2022-06-01,105.37376454852684,8.633416945911343,0.05590343882266211,23850
0,2022_07,2022-07-01,161.32262755781287,10.271367233563891,0.37530759053384866,749
1,2022_07,2022-07-01,161.625795046466,10.864511776674455,0.07421107676607885,21433
2,2022_07,2022-07-01,160.80911743113816,11.233913272768493,0.06912424844224338,26412
3,2022_07,2022-07-01,160.7639860105073,11.827581404854644,0.07658641736276657,23850
0,2022_08,2022-08-01,147.22758648942022,10.678877644162217,0.39019769686938566,749
1,2022_08,2022-08-01,147.56860694470396,10.191093337647207,0.06961122833279369,21433
2,2022_08,2022-08-01,147.74961723240597,10.208502176955548,0.06281471323208423,26412
3,2022_08,2022-08-01,147.6673975248848,9.88600897714168,0.06401427169756475,23850
0,2022_09,2022-09-01,83.19780422359212,8.795268198275865,0.32137210563433083,749
1,2022_09,2022-09-01,83.1954859104114,8.021755206195435,0.05479335874841123,21433
2,2022_09,2022-09-01,84.49185321823775,7.934967326197041,0.04882525256508016,26412
3,2022_09,2022-09-01,83.8213684045041,7.270087926316499,0.04707555747283637,23850
0,2022_10,2022-10-01,54.04493967759763,8.684748918091783,0.3173338190255255,749
1,2022_10,2022-10-01,54.47267777854034,6.933730087616441,0.04736150011932493,21433
2,2022_10,2022-10-01,55.35585628138334,6.530108654866602,0.040180909541827195,26412
3,2022_10,2022-10-01,55.037441595281614,6.219172603628381,0.04027062950309243,23850
0,2022_11,2022-11-01,19.871364653243816,3.518035959219522,0.13003035065190724,732
1,2022_11,2022-11-01,18.818814638136974,3.553669194683642,0.02446910678507979,21092
2,2022_11,2022-11-01,18.551118303851293,3.7413296963709595,0.023305150924984783,25772
3,2022_11,2022-11-01,18.006776964326175,3.724553392418576,0.02456378421883045,22991
0,2022_12,2022-12-01,8.260994984177541,1.7275949779550703,0.0648354841970367,710
1,2022_12,2022-12-01,8.281116526078478,2.14703603034382,0.015502166220318803,19182
2,2022_12,2022-12-01,8.317259437362534,2.2211244260771896,0.01473076865013594,22735
3,2022_12,2022-12-01,8.321730231777408,2.3123768143718744,0.017089379486577516,18309
0,2023_01,2023-01-01,14.787685183200027,3.1208756100300254,0.11679583429795833,714
1,2023_01,2023-01-01,14.75418080387617,3.513274830641249,0.02492436597199634,19869
2,2023_01,2023-01-01,14.96481621216743,3.6372644518962693,0.023693648507362438,23566
3,2023_01,2023-01-01,14.51800551750372,3.678954811723406,0.026620679643366302,19099
0,2023_02,2023-02-01,22.96268721322824,5.728635784079044,0.21529531664889423,708
1,2023_02,2023-02-01,22.58381849290049,6.158292458305586,0.04377502878892655,19791
2,2023_02,2023-02-01,23.015624194095697,6.3460028385833125,0.04143556695076326,23456
3,2023_02,2023-02-01,21.878851477000453,6.391892511842368,0.04633996665247839,19026
0,2023_03,2023-03-01,34.71568347221908,5.421923799900644,0.20625970201950894,691
1,2023_03,2023-03-01,33.48073108073292,5.601833217847494,0.039761325946055213,19849
2,2023_03,2023-03-01,33.34739678831043,5.821694307519497,0.037848720729458496,23659
3,2023_03,2023-03-01,31.76257658494072,5.754982901438691,0.04038112226026365,20311
0,2023_04,2023-04-01,66.1462052349139,6.051103780801989,0.2301948365154474,691
1,2023_04,2023-04-01,64.06857100728016,7.10749521264759,0.050216169356527285,20033
2,2023_04,2023-04-01,63.75263685106677,7.6655081043174365,0.049447687902852734,24032
3,2023_04,2023-04-01,62.51115925443546,7.9878767940666995,0.05504823789466146,21056
0,2023_05,2023-05-01,135.64726244853614,13.014096336133415,0.4755247308195894,749
1,2023_05,2023-05-01,135.24094281937388,12.320068389630253,0.08418089198025339,21419
2,2023_05,2023-05-01,134.10915042771845,12.834291683610346,0.07901504949835182,26383
3,2023_05,2023-05-01,135.93965180226238,12.79343562713516,0.0828909646253763,23821
0,2023_06,2023-06-01,146.58618217570273,9.027405344155461,0.3298542123405134,749
1,2023_06,2023-06-01,148.3256808580365,8.628295937343994,0.05893639266344254,21433
2,2023_06,2023-06-01,147.66785596381362,9.07814168586946,0.05585940589456592,26412
3,2023_06,2023-06-01,148.31040741070788,9.145603819909018,0.05921997128665481,23850
0,2023_07,2023-07-01,175.52667909301283,11.522022101308568,0.4210055248330804,749
1,2023_07,2023-07-01,176.7265788536979,11.616239767942789,0.07934582601334787,21433
2,2023_07,2023-07-01,175.4225837151793,12.074008462516282,0.07429350221884377,26412
3,2023_07,2023-07-01,174.67979344337047,12.063959347743255,0.07811702105677192,23850
0,2023_08,2023-08-01,130.33571618770586,13.581968197762325,0.49627431705027936,749
1,2023_08,2023-08-01,129.7849469388479,14.641852772541888,0.10001256222424813,21433
2,2023_08,2023-08-01,129.19648577390927,14.945162516789855,0.09196021918065726,26412
3,2023_08,2023-08-01,126.13944717312411,15.477029619416939,0.10021746707082868,23850
0,2023_09,2023-09-01,83.3519182319082,11.371619196422452,0.4155099222946329,749
1,2023_09,2023-09-01,78.90895214427216,11.496581556587763,0.07852848926678331,21433
2,2023_09,2023-09-01,74.33521270924122,13.30583672580663,0.08187315864331204,26412
3,2023_09,2023-09-01,60.5752594174465,15.477168098345654,0.10021836375499998,23850
0,2023_10,2023-10-01,50.129964564429145,4.709291423206741,0.17207376359692175,749
1,2023_10,2023-10-01,48.71288141275853,4.59857948490039,0.0314110327443832,21433
2,2023_10,2023-10-01,46.44732504870332,5.620542613282355,0.03458418936903536,26412
3,2023_10,2023-10-01,37.78633430749169,7.7225797390759805,0.05000555014327433,23850
0,2023_11,2023-11-01,19.419061469449584,3.993768329790818,0.14592911877459078,749
1,2023_11,2023-11-01,18.72676907703327,3.6679261282373905,0.02505411684115731,21433
2,2023_11,2023-11-01,18.370256231938896,3.8632906235768343,0.02377150814543392,26412
3,2023_11,2023-11-01,14.791589543656576,4.835245395664452,0.031309369958912925,23850
0,2023_12,2023-12-01,12.7027098994285,3.2653038385841597,0.11931160556847645,749
1,2023_12,2023-12-01,12.047660062460892,3.58015883425214,0.02445461402636225,21433
2,2023_12,2023-12-01,11.619350377943768,3.8504717413398653,0.023692631303590388,26412
3,2023_12,2023-12-01,9.927133597801442,4.674739221819045,0.03027005410906558,23850
0,2024_01,2024-01-01,15.914015477214065,3.1927629510526607,0.12261732243240903,678
1,2024_01,2024-01-01,16.81365291856014,4.587573018692588,0.03396525353540585,18243
2,2024_01,2024-01-01,16.95890429674162,4.451036744271314,0.03042737171874076,21399
3,2024_01,2024-01-01,15.634947708937098,4.1009021925617075,0.032158251918583375,16262
0,2024_02,2024-02-01,21.638503447688727,3.122936423758972,0.1160630181441052,724
1,2024_02,2024-02-01,21.46844957569705,3.365105983511203,0.023658071426620367,20232
2,2024_02,2024-02-01,21.714923438867412,3.62802388750871,0.023536773048485955,23760
3,2024_02,2024-02-01,19.53300770595597,4.076851120190727,0.029609330837326676,18958
0,2024_03,2024-03-01,51.79935275080891,5.791598023245448,0.21599015992260945,719
1,2024_03,2024-03-01,48.817489554042915,6.288493925084028,0.044056348084120796,20374
2,2024_03,2024-03-01,47.093190385335774,6.913053738793685,0.0445994185238627,24026
3,2024_03,2024-03-01,42.040724077169244,7.906168076076648,0.05693787640920418,19281
0,2024_04,2024-04-01,76.7159839025899,7.134516642894462,0.26244743716989777,739
1,2024_04,2024-04-01,74.37166798414692,7.703340717148435,0.05305084482647117,21085
2,2024_04,2024-04-01,71.74937779964499,8.013413265120048,0.049937744604833245,25750
3,2024_04,2024-04-01,63.50304971405601,10.124372226350383,0.06724078350736322,22671
0,2024_05,2024-05-01,119.62409618811535,9.74778415157936,0.3561762810912479,749
1,2024_05,2024-05-01,115.98876947544197,9.840907024227677,0.0672192475496902,21433
2,2024_05,2024-05-01,110.10317489828489,10.837968923618146,0.06668793307328683,26412
3,2024_05,2024-05-01,94.51809504267227,14.751894965814714,0.0955220468218342,23850
0,2024_06,2024-06-01,134.92404907724114,9.227058447634645,0.3371493779699267,749
1,2024_06,2024-06-01,132.2131690609242,10.8606643781233,0.07418479674585352,21433
2,2024_06,2024-06-01,122.5886249560956,13.845667474476405,0.08519483238974072,26412
3,2024_06,2024-06-01,97.50633659824133,22.034975906466,0.14268173716888913,23850
0,2024_07,2024-07-01,170.87357899264623,11.808197292194992,0.4314621387307106,749
1,2024_07,2024-07-01,159.5010011897815,14.529906007574766,0.09924789924265649,21433
2,2024_07,2024-07-01,140.41523085898217,16.86770275064761,0.10378994810401769,26412
3,2024_07,2024-07-01,108.26616410213977,24.407372545448162,0.15804357260453755,23850
0,2024_08,2024-08-01,133.73517543679944,12.884231127957303,0.47077955938657057,749
1,2024_08,2024-08-01,126.62367483184823,11.993827394425336,0.0819249740607528,21433
2,2024_08,2024-08-01,115.3486285438352,13.082530976511835,0.0804991190083211,26412
3,2024_08,2024-08-01,94.09206138059237,16.281608831540733,0.1054273098300446,23850
0,2024_09,2024-09-01,84.16265541467796,13.424072598264809,0.4905049374092061,749
1,2024_09,2024-09-01,82.47425916310529,10.704259085984878,0.07311645558335185,21433
2,2024_09,2024-09-01,77.45636097684985,10.222059949210742,0.06289813659444568,26412
3,2024_09,2024-09-01,61.94298465662079,12.337111230595253,0.07988574480404133,23850
0,2024_10,2024-10-01,46.78687450072702,8.100661311804577,0.2959917223803962,749
1,2024_10,2024-10-01,45.672358399272454,6.964100339690752,0.0475689470027579,21433
2,2024_10,2024-10-01,42.906889615704884,7.106700061438397,0.04372877809571261,26412
3,2024_10,2024-10-01,35.045226606216886,8.990496780627199,0.058215616123944644,23850
0,2024_11,2024-11-01,12.238761555020865,2.4649605599835,0.09110756390019492,732
1,2024_11,2024-11-01,11.107423594481935,2.4986562805602657,0.017190870953340223,21126
2,2024_11,2024-11-01,11.236210649834195,2.565525273150448,0.01601796043846836,25653
3,2024_11,2024-11-01,10.503828535694952,3.007073332203953,0.020308793442715783,21924
0,2024_12,2024-12-01,14.218159555827624,3.3393899001835368,0.12351179712618698,731
1,2024_12,2024-12-01,13.32408879895128,3.739832185561651,0.025845474935793707,20938
2,2024_12,2024-12-01,14.133699404403359,3.935223672204174,0.0248364379427159,25105
3,2024_12,2024-12-01,14.74329501106657,4.5925293120255,0.03209675991225311,20473
0,2025_01,2025-01-01,19.7558144443037,5.035511527884465,0.18611786157745785,732
1,2025_01,2025-01-01,19.300034072714215,5.072682852736201,0.0349077294104455,21117
2,2025_01,2025-01-01,22.087020929871752,5.305775001950402,0.033034232979814,25797
3,2025_01,2025-01-01,21.389821390825922,6.11132925012095,0.040644764343207324,22608
0,2025_02,2025-02-01,17.614368325524424,3.640651431257722,0.1345623489058459,732
1,2025_02,2025-02-01,16.39926387771979,3.3611269168870024,0.023149377000078974,21081
2,2025_02,2025-02-01,17.863576563309653,3.5132478679468666,0.021900556123070822,25734
3,2025_02,2025-02-01,17.951117326347244,4.439856342166896,0.02960496386610359,22491
0,2025_03,2025-03-01,39.029702970296924,6.0485892525298395,0.22371515486018584,731
1,2025_03,2025-03-01,38.37514828772259,6.865931392590816,0.04797012777378658,20486
2,2025_03,2025-03-01,40.07148550815066,6.871181298176925,0.044174189964235167,24195
3,2025_03,2025-03-01,41.26840546490739,6.596006960118265,0.046677001207029514,19969
0,2025_04,2025-04-01,91.91611314586025,8.108493923645739,0.2984777860522731,738
1,2025_04,2025-04-01,90.06713128755645,9.83424805379015,0.0682259730889274,20777
2,2025_04,2025-04-01,83.76135807914254,9.634250853904478,0.06103252805295321,24918
3,2025_04,2025-04-01,70.45656025513063,11.279094784262842,0.07745783402167429,21204
0,2025_05,2025-05-01,119.0469470105074,10.977641471833262,0.40111428954416484,749
1,2025_05,2025-05-01,113.2354804350271,11.569536985395555,0.07902681823351894,21433
2,2025_05,2025-05-01,105.34407201407356,12.868677970620798,0.07918324376962171,26412
3,2025_05,2025-05-01,86.33669354170051,17.0056596700436,0.11011571211714964,23850
0,2025_06,2025-06-01,152.8525429630688,9.507399652113598,0.3473928226436351,749
1,2025_06,2025-06-01,146.53204623706253,11.353662216200394,0.07755226517509284,21433
2,2025_06,2025-06-01,133.82538687540566,12.674170899017618,0.07798640747448464,26412
3,2025_06,2025-06-01,110.3375382003507,18.12473773695235,0.11736201015223342,23850
0,2025_07,2025-07-01,167.330656889453,11.598543109829983,0.42380154163204625,749
1,2025_07,2025-07-01,156.83986950515904,13.439121207071086,0.09179719034478936,21433
2,2025_07,2025-07-01,140.84531993441587,16.02739584471702,0.09861939160042771,26412
3,2025_07,2025-07-01,109.70980359032995,24.085904202875188,0.15596198822896054,23850
0,2025_08,2025-08-01,130.39798447389404,15.722505232040204,0.5744878380466031,749
1,2025_08,2025-08-01,121.50586263426025,12.54296219653893,0.08567589134007958,21433
2,2025_08,2025-08-01,112.25712636129342,12.538521804811436,0.07715173468850162,26412
3,2025_08,2025-08-01,87.99505100787462,18.796144802016173,0.12170953142012192,23850
0,2025_09,2025-09-01,88.53085762274408,15.306469436703681,0.5592862209324415,749
1,2025_09,2025-09-01,82.23046115144267,12.383361940558185,0.0845857266744292,21433
2,2025_09,2025-09-01,76.82283752011843,10.683203602158613,0.06573563477161265,26412
3,2025_09,2025-09-01,61.45305477876702,12.191082770205577,0.07894017561018607,23850
0,2025_10,2025-10-01,42.64599250322599,5.028352184999476,0.18373199010361602,749
1,2025_10,2025-10-01,40.78494639457419,5.239859191586598,0.03579135452226485,21433
2,2025_10,2025-10-01,40.507963123664894,5.798832106456843,0.03568123604561148,26412
3,2025_10,2025-10-01,36.4707331305416,6.939450314377744,0.04493459988590517,23850
0,2025_11,2025-11-01,20.777370393887825,2.3216721376765506,0.08483205362901076,749
1,2025_11,2025-11-01,20.781519108873304,2.500147436355167,0.01707749387544596,21433
2,2025_11,2025-11-01,21.25273590267067,2.731762484870304,0.016809016066298987,26412
3,2025_11,2025-11-01,21.581317079329636,3.244902767012043,0.0210115212154851,23850
0,2025_12,2025-12-01,14.11462280575979,3.3468192787854227,0.12229011492926259,749
1,2025_12,2025-12-01,13.08958702758498,3.9482003348188752,0.02696855635649989,21433
2,2025_12,2025-12-01,14.609909447262025,4.183958743191615,0.025744635605968118,26412
3,2025_12,2025-12-01,14.595957313339849,5.259449708846534,0.034056194306544454,23850
