Wshed_Name,month,date,mean,stdDev,standard_error,count
Mack,2020_01,2020-01-01,7.910627162393141,2.517287939387117,0.036064445172782796,4872
1,2020_01,2020-01-01,8.443483403996156,1.8535255479474322,0.06790792183670205,745
3,2020_01,2020-01-01,8.06102466236054,1.8627852475811835,0.06265224785527737,884
2,2020_01,2020-01-01,8.830587852376903,1.7842223865515734,0.06719770264428099,705
8,2020_01,2020-01-01,5.725350040672217,1.5072342462204424,0.09258866373781191,265
7,2020_01,2020-01-01,5.157915993537962,1.1724188552826262,0.11965949834418285,96
6,2020_01,2020-01-01,4.598778118753342,1.14303178642842,0.0874098253736184,171
10,2020_01,2020-01-01,7.726922038344328,1.492073475801017,0.1350859852818988,122
9,2020_01,2020-01-01,7.6586660718269,1.386912173581688,0.1334556861266261,108
Lookout,2020_01,2020-01-01,8.285230016390427,2.4758388406798693,0.010785025708859947,52699
Mack,2020_02,2020-02-01,25.383338288596757,4.832455398565267,0.06213867137841807,6048
1,2020_02,2020-02-01,26.5863213232838,3.1927922148576235,0.09334213386739766,1170
3,2020_02,2020-02-01,27.12971540819191,3.9206063124667523,0.114522133192307,1172
2,2020_02,2020-02-01,26.897951149475197,3.1976184985578526,0.11723038193810512,744
8,2020_02,2020-02-01,28.660811528755485,6.36771192046569,0.38054357316701237,280
7,2020_02,2020-02-01,22.982608273215288,4.346664552887457,0.30659007859871423,201
6,2020_02,2020-02-01,24.18207905471937,4.311697043814778,0.32781225591925844,173
10,2020_02,2020-02-01,29.051499598477708,4.056229199905606,0.3415961212986615,141
9,2020_02,2020-02-01,28.24831585991523,5.442389067811318,0.5236941322225901,108
Lookout,2020_02,2020-02-01,27.02748511671046,4.866574583657789,0.018832725806797186,66776
Mack,2020_03,2020-03-01,45.16306280798313,7.095526150330307,0.09315276336931953,5802
1,2020_03,2020-03-01,49.75684732569454,7.060740612908539,0.20642263922660872,1170
3,2020_03,2020-03-01,47.89363066842083,5.636425257470197,0.16464173972580146,1172
2,2020_03,2020-03-01,46.51297682523692,5.986036450377401,0.21945874396512702,744
8,2020_03,2020-03-01,53.742711515473495,3.4297245084819235,0.2049652427336468,280
7,2020_03,2020-03-01,52.31475139060943,3.7552534095710612,0.2648751528879001,201
6,2020_03,2020-03-01,48.845772963848646,3.85196691352313,0.2928596213548357,173
10,2020_03,2020-03-01,49.997381376348585,3.450309053368171,0.2905684397567208,141
9,2020_03,2020-03-01,55.52670086995315,4.89795560778195,0.47130599810529095,108
Lookout,2020_03,2020-03-01,47.64626883646992,7.616670666154353,0.02972043886079722,65678
Mack,2020_04,2020-04-01,91.37544035720838,10.991416915173755,0.1426614833137815,5936
1,2020_04,2020-04-01,90.72509040212611,6.353959572580092,0.1857597065828011,1170
3,2020_04,2020-04-01,89.04556967561126,6.6140687630002795,0.19319901144137605,1172
2,2020_04,2020-04-01,86.46704413220554,8.851417749809304,0.3245087192145833,744
8,2020_04,2020-04-01,95.66320228449999,3.1786095503333134,0.18995825362309543,280
7,2020_04,2020-04-01,95.1311666545216,3.3064782916422364,0.23322099669414792,201
6,2020_04,2020-04-01,93.75898157265439,4.804382820906206,0.3652704619125021,173
10,2020_04,2020-04-01,86.52100136168424,7.750530355317144,0.6527124028014702,141
9,2020_04,2020-04-01,95.28396163283514,4.203132609273486,0.4044466239006235,108
Lookout,2020_04,2020-04-01,91.44299403269066,9.468436294705954,0.03679428721746535,66221
Mack,2020_05,2020-05-01,110.86091328001075,10.61861194435741,0.13072588608938238,6598
1,2020_05,2020-05-01,111.43483059585542,8.89182007062171,0.25995473663913216,1170
3,2020_05,2020-05-01,108.92624082975871,10.297822644851946,0.3008026112630738,1172
2,2020_05,2020-05-01,107.59827130046136,11.86455595881197,0.4349757255922954,744
8,2020_05,2020-05-01,113.5203048213574,4.4389911981375,0.26528046382987486,280
7,2020_05,2020-05-01,109.59122155019556,4.949696211568685,0.34912465226618844,201
6,2020_05,2020-05-01,110.21958081305388,5.62037005819288,0.42730882275698423,173
10,2020_05,2020-05-01,104.43835759924582,7.7660319307287065,0.6540178709527108,141
9,2020_05,2020-05-01,115.46910550970328,5.1475152821771815,0.4953198889704513,108
Lookout,2020_05,2020-05-01,110.59148397895304,10.426668811427295,0.03938716565716504,70078
Mack,2020_06,2020-06-01,123.72389018217744,5.402215604924639,0.06650171553980032,6599
1,2020_06,2020-06-01,124.55058162331729,6.432117083629146,0.18804466231062278,1170
3,2020_06,2020-06-01,122.10157329086384,4.781810752585958,0.13967818349083447,1172
2,2020_06,2020-06-01,125.19431949100046,5.095374443412399,0.1868054905199905,744
8,2020_06,2020-06-01,117.89347854960813,5.071046263255919,0.3030529786550873,280
7,2020_06,2020-06-01,114.36600354635772,5.008361613080166,0.3532625906420592,201
6,2020_06,2020-06-01,115.45117456744974,4.281664857000744,0.3255289510372933,173
10,2020_06,2020-06-01,120.73904542439155,4.915072709682154,0.4139237924640447,141
9,2020_06,2020-06-01,131.07280838724068,3.766720837951366,0.3624528816255656,108
Lookout,2020_06,2020-06-01,120.06427023216935,6.415156013994458,0.02422038283712814,70154
Mack,2020_07,2020-07-01,162.45102762273498,9.541476193355859,0.11742076957173121,6603
1,2020_07,2020-07-01,161.45569932761154,9.56778894455017,0.27971686736182877,1170
3,2020_07,2020-07-01,158.98996694522097,9.575587699097566,0.2797059032383955,1172
2,2020_07,2020-07-01,160.62117396414078,9.37510742991603,0.34370811440311,744
8,2020_07,2020-07-01,162.46702749369098,5.992077039299205,0.358095095335307,280
7,2020_07,2020-07-01,156.2544875998931,5.624051889382431,0.3966900343537164,201
6,2020_07,2020-07-01,157.39637079758052,5.875329449559999,0.44669302633217556,173
10,2020_07,2020-07-01,157.66579379211618,9.853322964461185,0.8297994863409834,141
9,2020_07,2020-07-01,166.58857907651122,5.9506428973373335,0.5726008797715073,108
Lookout,2020_07,2020-07-01,160.16921902069535,9.883944022253331,0.037315707232448876,70158
Mack,2020_08,2020-08-01,143.2527582199993,10.804546219327595,0.1329645545654896,6603
1,2020_08,2020-08-01,137.59589160458333,16.953316783444535,0.4956347479590826,1170
3,2020_08,2020-08-01,137.61953475489537,10.722941040042029,0.3132204521775386,1172
2,2020_08,2020-08-01,133.77341067903265,11.575441040600838,0.42437625842597115,744
8,2020_08,2020-08-01,148.52709523177046,8.040763493040869,0.48052752838869994,280
7,2020_08,2020-08-01,155.9153003473488,12.953051380307596,0.9136378003091127,201
6,2020_08,2020-08-01,143.1282599521733,6.56455031661479,0.4990935185188813,173
10,2020_08,2020-08-01,141.7148842568346,15.151187178364557,1.2759601388698123,141
9,2020_08,2020-08-01,137.39576176667413,6.748285104517432,0.6493540369435802,108
Lookout,2020_08,2020-08-01,143.84512546023862,12.488340849160716,0.04714831143287601,70158
Mack,2020_09,2020-09-01,83.8476499547974,7.624129094182698,0.09382522027110925,6603
1,2020_09,2020-09-01,77.6878440000581,8.857875878643384,0.2589623691130159,1170
3,2020_09,2020-09-01,80.61830294504594,7.603036356382904,0.2220870632950141,1172
2,2020_09,2020-09-01,76.60612165737476,7.202384870945779,0.26405224064941013,744
8,2020_09,2020-09-01,81.27306083145174,7.6034867136125115,0.45439524254018104,280
7,2020_09,2020-09-01,73.18900143311714,11.24923259733127,0.7934596894301243,201
6,2020_09,2020-09-01,73.90876353917572,5.832126463635816,0.44340836413667856,173
10,2020_09,2020-09-01,75.92133654551164,9.934157768471627,0.8366070048896264,141
9,2020_09,2020-09-01,76.62065581084093,5.8863260204650665,0.5664119854089008,108
Lookout,2020_09,2020-09-01,82.00748000810165,9.659068739382356,0.03646671616162385,70158
Mack,2020_10,2020-10-01,45.379102629613655,5.961718082813944,0.07336700433641286,6603
1,2020_10,2020-10-01,44.288731320524555,5.096490536997312,0.14899726319319598,1170
3,2020_10,2020-10-01,47.85258734734489,5.304310093711088,0.15494055220838526,1172
2,2020_10,2020-10-01,43.836283006524596,4.64794643922038,0.17040198402136014,744
8,2020_10,2020-10-01,55.24513547615886,5.228082285863075,0.31243767600089506,280
7,2020_10,2020-10-01,50.20838494984091,4.301529479438532,0.3034064959808487,201
6,2020_10,2020-10-01,55.421775214516835,5.47211728919588,0.4160373734512173,173
10,2020_10,2020-10-01,49.51757969344645,6.52351975890058,0.5493794697073519,141
9,2020_10,2020-10-01,46.0945349096587,4.5826505290122475,0.44096575275453365,108
Lookout,2020_10,2020-10-01,49.988148742074664,7.184652695262768,0.027124839632805705,70158
Mack,2020_11,2020-11-01,15.528026528257662,3.283208917115467,0.04053653274273495,6560
1,2020_11,2020-11-01,17.31532188965858,2.1555033646256976,0.0630167170529417,1170
3,2020_11,2020-11-01,18.514400877573394,1.9245264037888243,0.056216016498770664,1172
2,2020_11,2020-11-01,17.541396738280913,1.749621612297368,0.06414424045560443,744
8,2020_11,2020-11-01,16.26686810997476,3.887511073545486,0.23232322271029135,280
7,2020_11,2020-11-01,17.982559692972874,2.4063458261735162,0.16973054787311262,201
6,2020_11,2020-11-01,18.218174145449435,2.7463643769394195,0.20880221704636873,173
10,2020_11,2020-11-01,18.92842428686149,2.1220730440599214,0.17871078906985385,141
9,2020_11,2020-11-01,17.850189605175103,2.0572232140771,0.19795639607176013,108
Lookout,2020_11,2020-11-01,18.20932199294035,3.5341344453866386,0.013376896153019128,69800
Mack,2020_12,2020-12-01,15.019299876468784,3.946365065840262,0.050191798475867154,6182
1,2020_12,2020-12-01,13.993192610987673,2.339926191992502,0.06840836770911943,1170
3,2020_12,2020-12-01,14.603670647574829,2.26339955677551,0.0661146069892861,1172
2,2020_12,2020-12-01,14.724982776687451,2.2057282948431727,0.08086592273993005,744
8,2020_12,2020-12-01,5.223701686810997,2.7477263328068173,0.16420805617960926,280
7,2020_12,2020-12-01,11.085185455075418,4.255281786625539,0.3001444352439267,201
6,2020_12,2020-12-01,10.579350119566751,2.4547765742874064,0.18663320692933924,173
10,2020_12,2020-12-01,12.644844802904926,2.483647034184397,0.20916081210895524,141
9,2020_12,2020-12-01,11.252955610082532,2.1537283843049413,0.2072426104066326,108
Lookout,2020_12,2020-12-01,14.245256704003932,4.312611660951272,0.016655231660394728,67047
Mack,2021_01,2021-01-01,15.066727969253124,3.819935512652749,0.0474279204040855,6487
1,2021_01,2021-01-01,14.388042957347622,2.878418287908072,0.08415132807765945,1170
3,2021_01,2021-01-01,15.649174723844991,2.390242738019549,0.06981973587477885,1172
2,2021_01,2021-01-01,15.126364115300667,2.6170801054636645,0.09594681181150636,744
8,2021_01,2021-01-01,11.392615221144906,1.2731729606597482,0.07608663736057517,280
7,2021_01,2021-01-01,9.687240399329594,2.412755801907772,0.17018267270130435,201
6,2021_01,2021-01-01,10.344211562807708,1.8361679062036032,0.13960126081738727,173
10,2021_01,2021-01-01,15.39432980692015,1.842634539777415,0.15517782174970712,141
9,2021_01,2021-01-01,12.88784296230203,2.6158349704430117,0.2517088373901516,108
Lookout,2021_01,2021-01-01,15.416409450399932,3.5218514392652813,0.013395331329018191,69125
Mack,2021_02,2021-02-01,15.786441699061172,2.62262335566966,0.034022764632601066,5942
1,2021_02,2021-02-01,16.419574783252745,2.1729281227156134,0.06352613451351657,1170
3,2021_02,2021-02-01,16.404223139803108,2.4145310440354812,0.07052920486882892,1172
2,2021_02,2021-02-01,15.50403807075742,2.2286810692852836,0.08170741227834791,744
8,2021_02,2021-02-01,16.5204044361801,1.9690850459965765,0.11767533905938193,280
7,2021_02,2021-02-01,12.891083096504657,2.324442853320345,0.1639535575903356,201
6,2021_02,2021-02-01,13.937853425235618,2.75466125723648,0.20943301717440027,173
10,2021_02,2021-02-01,16.772947871931848,2.610642054943046,0.2198557221787331,141
9,2021_02,2021-02-01,16.094044166852555,2.996397013369291,0.28832843704462513,108
Lookout,2021_02,2021-02-01,16.931912326705124,2.800004024076603,0.010877924718398315,66256
Mack,2021_03,2021-03-01,52.251715415815816,6.649245799380954,0.08628111026355681,5939
1,2021_03,2021-03-01,52.42768919095544,5.6628650666121505,0.165555373964194,1170
3,2021_03,2021-03-01,51.68870561566802,6.46187781909577,0.18875346650281039,1172
2,2021_03,2021-03-01,49.06791485025848,7.07305713851211,0.25931085593599734,744
8,2021_03,2021-03-01,58.484908354363135,2.8547400610784965,0.17060334966070168,280
7,2021_03,2021-03-01,57.55959581238312,2.8279895356493006,0.1994710020664227,201
6,2021_03,2021-03-01,55.59825573217049,3.5539779774310287,0.27020394207433945,173
10,2021_03,2021-03-01,52.4369959149471,5.476729651688321,0.4612238397331287,141
9,2021_03,2021-03-01,51.48333705108185,5.92722063402776,0.5703470714337052,108
Lookout,2021_03,2021-03-01,54.31019841530434,7.238337637029085,0.028130048698102605,66212
Mack,2021_04,2021-04-01,103.7517131448023,13.37823901646851,0.17024739283253937,6175
1,2021_04,2021-04-01,97.95700634630192,9.441476271025962,0.2760240825866782,1170
3,2021_04,2021-04-01,100.42108945927914,9.288347779125216,0.2713155355882133,1172
2,2021_04,2021-04-01,99.33201336181696,8.025258840328616,0.29422026405845075,744
8,2021_04,2021-04-01,114.8780880595033,3.283926143866191,0.19625212390450228,280
7,2021_04,2021-04-01,111.56049454686777,4.15315921522923,0.2929412644424674,201
6,2021_04,2021-04-01,110.2857223238149,4.25195491337636,0.32327014585135966,173
10,2021_04,2021-04-01,99.78743758946962,10.914227695021,0.919143782031934,141
9,2021_04,2021-04-01,98.73392817309838,6.840305586833234,0.6582087119829114,108
Lookout,2021_04,2021-04-01,104.32444511236965,12.509339239537798,0.048252592669601524,67209
Mack,2021_05,2021-05-01,114.97978349416302,9.092960104106037,0.1119011724677013,6603
1,2021_05,2021-05-01,111.56173121886754,8.715064714857125,0.2547872465648389,1170
3,2021_05,2021-05-01,115.04128020758542,7.3806241488108055,0.21559033334327837,1172
2,2021_05,2021-05-01,108.98820130723487,9.692209426904634,0.35533363765958215,744
8,2021_05,2021-05-01,122.9361967060699,3.3465467275985654,0.19999441956500996,280
7,2021_05,2021-05-01,117.29507639243121,3.690603466465273,0.26031509749438253,201
6,2021_05,2021-05-01,117.7495287663525,3.0599607762004424,0.23264450977827164,173
10,2021_05,2021-05-01,112.66628260186445,7.294104714310072,0.614274429761658,141
9,2021_05,2021-05-01,107.65607851884891,6.239559180377475,0.6004018620692559,108
Lookout,2021_05,2021-05-01,115.51153377583029,9.276007986880638,0.035038747632675324,70085
Mack,2021_06,2021-06-01,154.8492080942181,7.762583608795645,0.09552909033556044,6603
1,2021_06,2021-06-01,144.58964695972935,9.004763960210633,0.26325668144232195,1170
3,2021_06,2021-06-01,149.31076230078753,7.1371587253851585,0.2084786323901341,1172
2,2021_06,2021-06-01,145.50101603070667,10.241837763764867,0.37548399014321654,744
8,2021_06,2021-06-01,157.1106886704742,4.037501184684073,0.24128684630779557,280
7,2021_06,2021-06-01,149.76045082464964,4.360599312673239,0.3075729607710086,201
6,2021_06,2021-06-01,149.93692502461673,5.072194225884226,0.38563178598852693,173
10,2021_06,2021-06-01,143.08449425648547,7.19861999081372,0.6062331654291622,141
9,2021_06,2021-06-01,143.08993977247377,6.760223168206001,0.6505027776576132,108
Lookout,2021_06,2021-06-01,151.78973011163276,8.257614338715294,0.031175684363267238,70158
Mack,2021_07,2021-07-01,178.81725917318508,12.089270774663847,0.14877482783120594,6603
1,2021_07,2021-07-01,160.45242088906332,13.421394490981445,0.3923780556199486,1170
3,2021_07,2021-07-01,172.09957979977625,11.4830037525904,0.3354221210684415,1172
2,2021_07,2021-07-01,166.81919863834509,12.732364988772018,0.46679114825057544,744
8,2021_07,2021-07-01,184.74266170806217,5.786718387296948,0.3458225685329348,280
7,2021_07,2021-07-01,175.5126672982098,7.7010522197911175,0.543190342072779,201
6,2021_07,2021-07-01,171.69483752989177,6.99889491666102,0.5321161269583482,173
10,2021_07,2021-07-01,159.8777277329702,12.782062339466863,1.0764438354374022,141
9,2021_07,2021-07-01,159.1974570600045,10.499081382508747,1.0102745770725354,108
Lookout,2021_07,2021-07-01,175.25997034896756,12.20513149290021,0.04607908669830512,70158
Mack,2021_08,2021-08-01,149.09093527671882,11.531420286476552,0.1419097230715744,6603
1,2021_08,2021-08-01,131.01851609811365,16.168092212307165,0.4726784977233175,1170
3,2021_08,2021-08-01,142.17832087553262,11.313837806962683,0.3304807310351763,1172
2,2021_08,2021-08-01,130.96881856759924,10.988408212393683,0.4028545907561199,744
8,2021_08,2021-08-01,159.31254150617616,5.265715060847822,0.3146866644664157,280
7,2021_08,2021-08-01,154.89239476304994,8.331891165028717,0.5876862905063994,201
6,2021_08,2021-08-01,138.1396539597693,11.144151890290702,0.8472741786679197,173
10,2021_08,2021-08-01,143.81351908103767,22.436876114741125,1.8895258322760733,141
9,2021_08,2021-08-01,125.47267454829351,12.095796750928876,1.163918585035298,108
Lookout,2021_08,2021-08-01,149.02379169273777,12.094877096995193,0.04566283375824202,70158
Mack,2021_09,2021-09-01,97.14753928206444,11.069075459942722,0.1362199446516571,6603
1,2021_09,2021-09-01,79.49848240607615,12.176061326554146,0.35597040766761656,1170
3,2021_09,2021-09-01,90.1956318127649,15.771664984097383,0.460695253239243,1172
2,2021_09,2021-09-01,85.13313765334537,9.040364445850233,0.331435841181388,744
8,2021_09,2021-09-01,114.69390025235755,6.866250462090886,0.4103369495573264,280
7,2021_09,2021-09-01,109.58084966843991,7.65953642882495,0.5402620439580903,201
6,2021_09,2021-09-01,109.54851596567732,6.8099403948956185,0.5177501806924998,173
10,2021_09,2021-09-01,93.97426765825215,21.75887680656578,1.8324279902899097,141
9,2021_09,2021-09-01,87.56917242917687,15.014282180981908,1.4447499764798177,108
Lookout,2021_09,2021-09-01,99.09336492312472,13.000906968881162,0.04908344655886391,70158
Mack,2021_10,2021-10-01,41.98572460000685,4.233216123601715,0.059932678790420316,4989
1,2021_10,2021-10-01,36.64277820462894,5.293094094108291,0.18417029797191908,826
3,2021_10,2021-10-01,38.21881986141208,6.479501888777789,0.20603617322726225,989
2,2021_10,2021-10-01,35.48473621156324,2.6653969309419465,0.1336042757970084,398
8,2021_10,2021-10-01,45.52079493280604,2.3945101604512202,0.20023899895581299,143
7,2021_10,2021-10-01,42.18965838096504,2.1127073130517284,0.15880080601878607,177
6,2021_10,2021-10-01,40.81888931591081,3.7066588361880664,0.3617328628631259,105
10,2021_10,2021-10-01,37.00387556300407,5.28374030151601,0.4449712045338296,141
9,2021_10,2021-10-01,43.04430069150121,4.765811889170927,0.4585904628533256,108
Lookout,2021_10,2021-10-01,42.488829542807544,4.705298895735143,0.020425413446877563,53068
Mack,2021_11,2021-11-01,14.171874072645267,6.4929827300172445,0.08016639016215855,6560
1,2021_11,2021-11-01,12.74779622126374,3.744282514052079,0.10946510018334865,1170
3,2021_11,2021-11-01,15.092586181134354,3.314736931614873,0.09682449961190198,1172
2,2021_11,2021-11-01,14.32045782169963,3.3298713269599918,0.12207900587275206,744
8,2021_11,2021-11-01,6.54999003851773,2.786426191085518,0.16652081506920377,280
7,2021_11,2021-11-01,5.281401054191262,3.5450615229436298,0.2500493603157295,201
6,2021_11,2021-11-01,7.966858911239274,3.464738148552743,0.2634191635230716,173
10,2021_11,2021-11-01,16.268286721832336,2.7790922899462016,0.2340417910799345,141
9,2021_11,2021-11-01,14.966674102163728,2.8607814744784,0.27527882573046647,108
Lookout,2021_11,2021-11-01,14.756415777919619,5.9543232120996645,0.022558300792660215,69671
Mack,2021_12,2021-12-01,7.603823525010483,3.147571912648223,0.03903481978356665,6502
1,2021_12,2021-12-01,6.928237412683888,2.014855341795038,0.05890483450883144,1170
3,2021_12,2021-12-01,7.386740915402356,1.637032059781379,0.04781821704317057,1172
2,2021_12,2021-12-01,7.081971389038444,1.5497020392861642,0.05681483330100597,744
8,2021_12,2021-12-01,3.4444979412936645,1.330394294783256,0.07950626614101013,280
7,2021_12,2021-12-01,3.077218295319294,1.3619488175294119,0.09606446274681726,201
6,2021_12,2021-12-01,3.5801659867773252,1.4659989752460607,0.11145783814753955,173
10,2021_12,2021-12-01,8.455780175273206,1.475450056617969,0.12425530996185268,141
9,2021_12,2021-12-01,8.298282400178453,1.8459164139817945,0.17762338975232295,108
Lookout,2021_12,2021-12-01,7.832130139627664,2.9438704681802563,0.011183081246532913,69297
Mack,2022_01,2022-01-01,18.948483046264545,6.407707196612694,0.08078724825989259,6291
1,2022_01,2022-01-01,16.341970548512183,4.820627991592591,0.14093234793740733,1170
3,2022_01,2022-01-01,18.886709937935724,4.191774499348585,0.12244304050627262,1172
2,2022_01,2022-01-01,17.707250001447335,3.86730313955933,0.14178221208234945,744
8,2022_01,2022-01-01,8.956202682959228,2.567059780832412,0.15341116459612886,280
7,2022_01,2022-01-01,7.791721355306012,3.3144984537634046,0.23437043328884297,200
6,2022_01,2022-01-01,7.411534674356451,2.7769618754151875,0.2111285017780885,173
10,2022_01,2022-01-01,17.35815788554869,3.020777103851153,0.2543953241122004,141
9,2022_01,2022-01-01,15.702966763328128,3.2126293988446597,0.30913540803824496,108
Lookout,2022_01,2022-01-01,17.683884364990675,6.234309087093264,0.02394554540689751,67784
Mack,2022_02,2022-02-01,28.09336623469254,3.7962978519520663,0.04774556461416278,6322
1,2022_02,2022-02-01,27.757232170086702,3.7967163646726547,0.11099801782234608,1170
3,2022_02,2022-02-01,28.72848797163192,3.142901381728662,0.09180512960561833,1172
2,2022_02,2022-02-01,28.87240854276305,3.244074338137997,0.11893353565068586,744
8,2022_02,2022-02-01,23.383932129100813,3.5345236090394336,0.21122818689458922,280
7,2022_02,2022-02-01,21.39449585853433,3.30477107282278,0.2331005787631864,201
6,2022_02,2022-02-01,20.497088198058805,3.4085132405899046,0.2591444629281885,173
10,2022_02,2022-02-01,29.555322789008756,2.499997485034696,0.21053776846834352,141
9,2022_02,2022-02-01,30.214811510149453,2.4971005133828466,0.24028360893252318,108
Lookout,2022_02,2022-02-01,29.261369729766898,4.600549626908196,0.01763569032214098,68051
Mack,2022_03,2022-03-01,45.26650597331446,6.292498910367914,0.08032395559297506,6137
1,2022_03,2022-03-01,43.20933719629967,4.263317859726013,0.12463923725758598,1170
3,2022_03,2022-03-01,44.32742453342472,5.364074094797481,0.15668627732002363,1172
2,2022_03,2022-03-01,41.95451308682287,4.69809729187782,0.1722406034858788,744
8,2022_03,2022-03-01,50.311080488776724,3.289431127544241,0.19658110960379846,280
7,2022_03,2022-03-01,45.751196288469494,4.043855035168391,0.2852315420223742,201
6,2022_03,2022-03-01,46.107159938106626,3.4054632566876,0.2589125769460864,173
10,2022_03,2022-03-01,45.557522432875935,2.540413256164665,0.21394139039819235,141
9,2022_03,2022-03-01,45.16341735445014,4.189566700245072,0.40314124369573073,108
Lookout,2022_03,2022-03-01,47.44148037366605,5.698948751004112,0.021931203012022733,67525
Mack,2022_04,2022-04-01,55.572784667580166,9.06393400509834,0.1150749620067177,6204
1,2022_04,2022-04-01,56.33725802001192,7.847139017903832,0.22941320680898802,1170
3,2022_04,2022-04-01,57.78618988093721,6.886494350648912,0.20115664782391293,1172
2,2022_04,2022-04-01,52.420949337409006,7.774628086875654,0.2850316948260745,744
8,2022_04,2022-04-01,62.08621662903442,2.8570870530264614,0.17074360925680593,280
7,2022_04,2022-04-01,62.119385945735836,2.6769682951959024,0.18881878508088956,201
6,2022_04,2022-04-01,62.69444366296248,2.8046061691394004,0.21323025851028485,173
10,2022_04,2022-04-01,60.53018400195523,6.8224591162525705,0.5745547051149887,141
9,2022_04,2022-04-01,56.81231318313627,6.336013078300521,0.6096831427242992,108
Lookout,2022_04,2022-04-01,59.2019895030945,8.44308255765041,0.032363468745581984,68060
Mack,2022_05,2022-05-01,98.54783795983013,10.975007531456713,0.14486013338087178,5740
1,2022_05,2022-05-01,87.80715302284378,10.28609837865448,0.3007168356793314,1170
3,2022_05,2022-05-01,91.53373810556391,11.287845894778304,0.329721499173605,1172
2,2022_05,2022-05-01,89.59204196119978,11.502234270986223,0.4216923680349671,744
8,2022_05,2022-05-01,104.93925156063219,2.139565924887172,0.12786352024910752,280
7,2022_05,2022-05-01,103.08848891155971,3.1232054078310054,0.2202939241839465,201
6,2022_05,2022-05-01,102.65632297088199,3.3653038206387165,0.25585931156267666,173
10,2022_05,2022-05-01,89.7260570510806,6.44742875559502,0.5429714512463862,141
9,2022_05,2022-05-01,93.68953825563234,4.822669874539744,0.46406162504637,108
Lookout,2022_05,2022-05-01,95.09006766737079,10.51118280271867,0.0413893461373213,64495
Mack,2022_06,2022-06-01,105.30416146672701,8.566570516391948,0.10542323663980761,6603
1,2022_06,2022-06-01,108.4148223180703,5.022407530050748,0.14683142668196725,1170
3,2022_06,2022-06-01,112.5298823220709,6.1913978509662915,0.18085266227325086,1172
2,2022_06,2022-06-01,110.64464398399815,6.557999967066375,0.24042794387010347,744
8,2022_06,2022-06-01,105.58005711249831,3.1382250767995568,0.18754481971607273,280
7,2022_06,2022-06-01,107.26527241370937,2.4783610927580204,0.17481011312913944,201
6,2022_06,2022-06-01,107.18635532423691,3.126724189388052,0.23772043808851684,173
10,2022_06,2022-06-01,106.56045529136556,3.8805151030393548,0.32679832487522337,141
9,2022_06,2022-06-01,107.23680571046171,4.007665836809991,0.3856378249507192,108
Lookout,2022_06,2022-06-01,106.85845079289439,7.653508241875583,0.02889495045823356,70158
Mack,2022_07,2022-07-01,161.3776071351362,11.535335444085069,0.14195790438126596,6603
1,2022_07,2022-07-01,155.57594141651776,10.70764376674111,0.3130408277834405,1170
3,2022_07,2022-07-01,158.44215778099294,11.45160826478573,0.3345050490776703,1172
2,2022_07,2022-07-01,157.06570910838238,12.121767191887335,0.4444055469126922,744
8,2022_07,2022-07-01,166.85779984061625,5.4116265143312505,0.32340654164806365,280
7,2022_07,2022-07-01,163.75505841774154,5.610515503123145,0.3957352512834608,201
6,2022_07,2022-07-01,162.2567731045153,5.81741294973788,0.44228971638977793,173
10,2022_07,2022-07-01,159.4588177787089,8.829459676626703,0.7435746428650544,141
9,2022_07,2022-07-01,151.5077849654249,9.050740028402481,0.8709078652939156,108
Lookout,2022_07,2022-07-01,161.66486133389643,10.80356823144769,0.040787643908426284,70158
Mack,2022_08,2022-08-01,149.30882237333444,9.164149828711665,0.11277725831431414,6603
1,2022_08,2022-08-01,136.37729998983446,12.449358033664346,0.36396030995499007,1170
3,2022_08,2022-08-01,143.616364120076,10.792294714396466,0.3152462946362774,1172
2,2022_08,2022-08-01,138.249318304184,10.848923435654056,0.3977408307315539,744
8,2022_08,2022-08-01,155.1748738212246,3.0857452875426308,0.18440855243948687,280
7,2022_08,2022-08-01,155.810779955792,5.3372813411465865,0.3764627994581644,201
6,2022_08,2022-08-01,156.59960613307078,6.314144592255114,0.48005552383528083,173
10,2022_08,2022-08-01,140.48790195873048,15.677096015201505,1.3202496525946217,141
9,2022_08,2022-08-01,134.58456390809727,7.689378597121959,0.7399108004915516,108
Lookout,2022_08,2022-08-01,148.62425623763514,10.303931660762123,0.038901322825228075,70158
Mack,2022_09,2022-09-01,82.77018948252835,6.731509569832659,0.08284032974055178,6603
1,2022_09,2022-09-01,73.75725395373159,8.730256478870775,0.25523138184669203,1170
3,2022_09,2022-09-01,79.38625985356767,7.408456960779007,0.21640333846169674,1172
2,2022_09,2022-09-01,75.44412410047995,7.744227441317289,0.28391715308459425,744
8,2022_09,2022-09-01,89.66602470447602,4.792318204742954,0.2863957911671409,280
7,2022_09,2022-09-01,84.46763341349076,6.629300495435802,0.4675948040664877,201
6,2022_09,2022-09-01,84.93388662259109,7.0137404938586565,0.5332448152919969,173
10,2022_09,2022-09-01,77.22816940749273,11.402138048403273,0.9602332461728467,141
9,2022_09,2022-09-01,74.8342627704662,5.726168781683206,0.5510008479216717,108
Lookout,2022_09,2022-09-01,84.33337773340156,7.875521357116128,0.029733135740488064,70158
Mack,2022_10,2022-10-01,54.629193526197895,5.971483008748093,0.0734871749572647,6603
1,2022_10,2022-10-01,46.60453608097708,7.514633203135125,0.21969231043201762,1170
3,2022_10,2022-10-01,51.674904243184066,6.022390535319346,0.17591590587119935,1172
2,2022_10,2022-10-01,48.0046720044462,5.24101298058555,0.1921448583480837,744
8,2022_10,2022-10-01,59.0015606322221,4.300330730043334,0.2569939159073826,280
7,2022_10,2022-10-01,52.87366707959876,4.336333933790921,0.3058614129098295,201
6,2022_10,2022-10-01,52.39575186383459,4.014641251930641,0.3052275222791451,173
10,2022_10,2022-10-01,52.25418106909673,11.52020201970086,0.9701760261965472,141
9,2022_10,2022-10-01,44.11581530225295,6.451119361404594,0.6207592499802248,108
Lookout,2022_10,2022-10-01,55.614840051250155,6.943257351120704,0.02621347894834607,70158
Mack,2022_11,2022-11-01,17.409986436527603,3.905715330644061,0.048696058526013344,6433
1,2022_11,2022-11-01,17.54918747004749,3.6767244956647134,0.1074900234568443,1170
3,2022_11,2022-11-01,19.02154573914056,2.419979943560005,0.0706883689234076,1172
2,2022_11,2022-11-01,17.373256682355805,2.7726741979124907,0.10165116800450288,744
8,2022_11,2022-11-01,15.414248240138134,2.4890551235686327,0.1487494946949792,280
7,2022_11,2022-11-01,13.22009278826302,3.507938995921812,0.2474309391472863,201
6,2022_11,2022-11-01,11.50955127303418,2.7131817497771884,0.20627938862015013,173
10,2022_11,2022-11-01,18.211829195907967,3.320482244175777,0.2796350500799897,141
9,2022_11,2022-11-01,15.437831809056437,2.546818128346657,0.24506768866299353,108
Lookout,2022_11,2022-11-01,18.270820374793274,3.778057537570156,0.014418176676168534,68662
Mack,2022_12,2022-12-01,8.24614176683745,2.5720294033863396,0.036690899007525576,4914
1,2022_12,2022-12-01,8.034036945061647,1.6472595713059202,0.04815807389647054,1170
3,2022_12,2022-12-01,8.613244506966282,1.492701778064338,0.04360228449877732,1172
2,2022_12,2022-12-01,8.182416589957793,1.7112104905387342,0.06273602040794504,744
8,2022_12,2022-12-01,8.298934045214402,2.7255995325704614,0.17135697445814074,253
7,2022_12,2022-12-01,7.530641987903523,3.336220625227974,0.2353188591541583,201
6,2022_12,2022-12-01,5.767280911520607,2.2602412631568414,0.1718429611051002,173
10,2022_12,2022-12-01,8.113578436507105,1.5155747930645227,0.12763442234992797,141
9,2022_12,2022-12-01,7.781887129154583,1.3940336810773446,0.13414095350490163,108
Lookout,2022_12,2022-12-01,8.30113030444423,2.1782495441671212,0.00893754136936577,59399
Mack,2023_01,2023-01-01,15.296477681169419,3.500295802946727,0.046625044040162225,5636
1,2023_01,2023-01-01,13.309364062794991,2.351124061465014,0.06873574041645343,1170
3,2023_01,2023-01-01,14.205905398461312,2.5751937442260084,0.0752222124507809,1172
2,2023_01,2023-01-01,13.543451957089339,2.342764683817276,0.08588992051392912,744
8,2023_01,2023-01-01,17.508217602830605,2.46093291563113,0.15117390729281413,265
7,2023_01,2023-01-01,16.41567684422745,2.496124567304007,0.17606305201848219,201
6,2023_01,2023-01-01,16.21097200731468,2.72393592503926,0.20709701342481213,173
10,2023_01,2023-01-01,12.15097238224922,2.671679308684763,0.22499598622825429,141
9,2023_01,2023-01-01,12.033102832924374,2.986753447997021,0.2874004845340205,108
Lookout,2023_01,2023-01-01,14.771239814483295,3.539085590104077,0.014309530198992821,61169
Mack,2023_02,2023-02-01,23.422176605544152,5.825737539862404,0.07766269505719943,5627
1,2023_02,2023-02-01,19.603486835417318,4.297178527538527,0.12562916293238788,1170
3,2023_02,2023-02-01,20.564026779108794,4.821394752548205,0.14083444447565863,1172
2,2023_02,2023-02-01,19.173084159762883,4.133827405770111,0.151553465763098,744
8,2023_02,2023-02-01,31.693091552410458,3.684831753019371,0.22635741522344877,265
7,2023_02,2023-02-01,30.479098350700774,3.07052649671124,0.21657824028329337,201
6,2023_02,2023-02-01,29.614094809396544,3.6202049562545247,0.27523908603511255,173
10,2023_02,2023-02-01,17.69121189902587,4.003205294906487,0.33713070295291586,141
9,2023_02,2023-02-01,18.36355119339727,4.540880835854655,0.43694646215644967,108
Lookout,2023_02,2023-02-01,22.59649272170047,6.36526147604185,0.02577176790895645,61002
Mack,2023_03,2023-03-01,30.87818364225923,4.802416891334354,0.06402084474578863,5627
1,2023_03,2023-03-01,34.74839256581682,4.4427729283092,0.13710694919180047,1050
3,2023_03,2023-03-01,32.88582893840045,4.47007803434527,0.13068392623169067,1170
2,2023_03,2023-03-01,31.850035215400872,5.085272121071551,0.1886023033015686,727
8,2023_03,2023-03-01,38.018926816310284,2.1050685916402214,0.12580191026698262,280
7,2023_03,2023-03-01,35.87081759473618,1.8074317440041336,0.12844858086185054,198
6,2023_03,2023-03-01,35.93219636406704,2.26461960594838,0.17576856976817035,166
10,2023_03,2023-03-01,34.51436751510072,3.92587625902638,0.3306184233408505,141
9,2023_03,2023-03-01,33.85746152130269,4.2507160697492,0.4090253445197281,108
Lookout,2023_03,2023-03-01,33.79578505924221,5.665764391427311,0.022407106559054268,63936
Mack,2023_04,2023-04-01,62.68958872514368,7.792995914036142,0.10279780701735239,5747
1,2023_04,2023-04-01,55.50814708316997,5.891868051706906,0.17225033744828078,1170
3,2023_04,2023-04-01,58.083890624031994,5.625480069879433,0.16432202738256044,1172
2,2023_04,2023-04-01,53.052028877271624,5.859868386461252,0.2148331983198438,744
8,2023_04,2023-04-01,69.2818767432594,2.6060271585347023,0.15573991082915467,280
7,2023_04,2023-04-01,67.75904199761956,2.581701290798731,0.1820991686921369,201
6,2023_04,2023-04-01,67.00202560135041,3.6500132619561665,0.27750536955129873,173
10,2023_04,2023-04-01,59.56279459516078,4.299077611118855,0.3620476469017805,141
9,2023_04,2023-04-01,51.918982824001766,6.593288300786196,0.6344394625506201,108
Lookout,2023_04,2023-04-01,63.810205806874166,7.449777322749934,0.029159037076828088,65274
Mack,2023_05,2023-05-01,137.36322681845888,13.259251625544655,0.16319774218880354,6601
1,2023_05,2023-05-01,126.07658403404064,10.182859352317726,0.29769861514752805,1170
3,2023_05,2023-05-01,133.75785460999376,6.817999809696793,0.19915590091981247,1172
2,2023_05,2023-05-01,126.99186017564877,12.65752974767252,0.4640475551982832,744
8,2023_05,2023-05-01,138.4057145703281,4.998693706910876,0.2987290863899836,280
7,2023_05,2023-05-01,139.42225946707472,5.079282811905585,0.35826498630835374,201
6,2023_05,2023-05-01,140.0714868476579,5.905387443289107,0.44897829327756095,173
10,2023_05,2023-05-01,126.90370447959221,10.023637874124214,0.8441425891768825,141
9,2023_05,2023-05-01,121.36538032567474,10.464454171020714,1.0069425720935519,108
Lookout,2023_05,2023-05-01,135.66582813067274,12.034550654707227,0.0454503046366422,70111
Mack,2023_06,2023-06-01,152.45202380016502,7.78675579553928,0.09582656178674381,6603
1,2023_06,2023-06-01,143.77553769296682,9.313210556047569,0.27227420012254655,1170
3,2023_06,2023-06-01,146.45109022460477,8.531048353396665,0.24919458316716397,1172
2,2023_06,2023-06-01,144.54628873797984,10.490764810205286,0.38461009844603505,744
8,2023_06,2023-06-01,148.34046686146903,5.656782095278919,0.338057389852396,280
7,2023_06,2023-06-01,143.41062449901636,5.3957832947979405,0.38058920911087896,201
6,2023_06,2023-06-01,140.2124068082712,5.607955333198163,0.4263649486939924,173
10,2023_06,2023-06-01,140.76285744212842,5.879531007227097,0.49514583327064654,141
9,2023_06,2023-06-01,137.57657818425153,7.892468975516616,0.7594531812642147,108
Lookout,2023_06,2023-06-01,147.38808814926196,8.573640402287303,0.03236880484629764,70158
Mack,2023_07,2023-07-01,175.75077446346472,11.399375202971665,0.14028472972577494,6603
1,2023_07,2023-07-01,170.56966046558915,12.432853153391111,0.3634777853682786,1170
3,2023_07,2023-07-01,174.8343543749294,10.997011260335592,0.3212261287925814,1172
2,2023_07,2023-07-01,173.3778071104781,13.500744017558146,0.49496129020417423,744
8,2023_07,2023-07-01,183.14321291008096,6.627084770170324,0.3960440656895908,280
7,2023_07,2023-07-01,178.99281012412254,5.597171915985181,0.39479406721470184,201
6,2023_07,2023-07-01,176.36466450977636,5.406500246273998,0.41104860205833166,173
10,2023_07,2023-07-01,172.9299954610523,14.899839969784722,1.2547928854137909,141
9,2023_07,2023-07-01,157.41521302699084,17.753445926063446,1.7083261307426991,108
Lookout,2023_07,2023-07-01,176.4299613883293,11.42721566556966,0.04314215391127208,70158
Mack,2023_08,2023-08-01,129.0709668939901,17.254874111748755,0.21234456346238417,6603
1,2023_08,2023-08-01,134.06819370016996,14.36791960378957,0.42004997030874386,1170
3,2023_08,2023-08-01,141.87775198346904,10.34966292222317,0.3023168819336472,1172
2,2023_08,2023-08-01,134.58846414366846,15.515454121995486,0.5688241463092005,744
8,2023_08,2023-08-01,135.6405067073981,7.88824687592309,0.4714129171797965,280
7,2023_08,2023-08-01,142.02756928757077,5.705194460366665,0.40241339002403886,201
6,2023_08,2023-08-01,136.81069067379377,8.405021815979264,0.6390219754653769,173
10,2023_08,2023-08-01,143.77378583150028,14.51101612757962,1.2220480108468417,141
9,2023_08,2023-08-01,121.42440330136064,10.167168408316707,0.9783362362396516,108
Lookout,2023_08,2023-08-01,132.03756234470336,15.810949452231151,0.05969244256120329,70158
Mack,2023_09,2023-09-01,66.38372115875949,15.267232867797137,0.18788394963620997,6603
1,2023_09,2023-09-01,79.89025036669142,11.437720907859006,0.3343848281611138,1170
3,2023_09,2023-09-01,84.57881943052483,6.3891224250808465,0.1866282587518201,1172
2,2023_09,2023-09-01,79.92819470737739,9.286577363870943,0.3404624447085695,744
8,2023_09,2023-09-01,84.47013215566481,7.022404924124466,0.41966896358221417,280
7,2023_09,2023-09-01,93.92098423571134,2.705251043496149,0.19081369633269069,201
6,2023_09,2023-09-01,94.92896328597551,7.495538673327044,0.5698752525663158,173
10,2023_09,2023-09-01,89.64107398484684,7.12423967918604,0.5999692131964844,141
9,2023_09,2023-09-01,77.05041267008697,6.4365306347283635,0.6193554491012823,108
Lookout,2023_09,2023-09-01,75.053723592791,15.462645156784339,0.05837745928252072,70158
Mack,2023_10,2023-10-01,40.02681264985654,6.975385774900476,0.08584155629071988,6603
1,2023_10,2023-10-01,45.831815739409535,3.8426171773754043,0.11233994035146797,1170
3,2023_10,2023-10-01,49.04187060165527,3.144887185329501,0.09186313554815478,1172
2,2023_10,2023-10-01,46.93337038516535,3.8064402223266693,0.13955086927636118,744
8,2023_10,2023-10-01,54.36880727852302,2.295778623865084,0.1371990145970946,280
7,2023_10,2023-10-01,51.36440039835798,3.4640444526880296,0.2443348567842799,201
6,2023_10,2023-10-01,47.26144324096214,3.026197884188642,0.23007756463247953,173
10,2023_10,2023-10-01,46.28064662546697,5.943499377459095,0.5005329418584836,141
9,2023_10,2023-10-01,43.891501226857,5.194659003953245,0.49985629571345325,108
Lookout,2023_10,2023-10-01,46.221108836039306,7.6248707649020435,0.02878683291889758,70158
Mack,2023_11,2023-11-01,15.326199589245727,5.0416808001067785,0.06204470120627595,6603
1,2023_11,2023-11-01,17.70508938555599,3.4947730294376287,0.10217062370420642,1170
3,2023_11,2023-11-01,19.743258756600913,2.3609168762466575,0.06896311830589544,1172
2,2023_11,2023-11-01,19.263247477291287,2.4207866133747755,0.08875034323343076,744
8,2023_11,2023-11-01,15.505362597954573,1.9639480229208381,0.11736834321203526,280
7,2023_11,2023-11-01,12.991085525516771,2.663648325217805,0.18787926683814765,201
6,2023_11,2023-11-01,12.204304402869601,2.655627467375831,0.20190361755829683,173
10,2023_11,2023-11-01,17.80971334799763,2.424121359996138,0.20414784602191305,141
9,2023_11,2023-11-01,16.018425161722053,2.695192081587683,0.25934497897039943,108
Lookout,2023_11,2023-11-01,17.6086632802808,4.344417956361899,0.01640185620133001,70158
Mack,2023_12,2023-12-01,9.277310738571598,4.424734903962701,0.05445234752416923,6603
1,2023_12,2023-12-01,11.213036785314916,3.0541445549729245,0.08928873246873004,1170
3,2023_12,2023-12-01,12.072126475529613,2.7209044087656005,0.079478466407951,1172
2,2023_12,2023-12-01,12.593084043975896,2.93885415204982,0.10774362071665791,744
8,2023_12,2023-12-01,6.546138265373888,2.7976826233910974,0.16719351556573697,280
7,2023_12,2023-12-01,9.605455561223252,3.570656159069623,0.251854666753826,201
6,2023_12,2023-12-01,8.024701083134056,2.3444277214651144,0.1782435390064341,173
10,2023_12,2023-12-01,11.579064976781535,2.6718299191651083,0.22500866991878982,141
9,2023_12,2023-12-01,8.29868391701985,2.4306569643747853,0.2338900754482368,108
Lookout,2023_12,2023-12-01,11.155169026934356,4.0078616884624605,0.015131226265354519,70158
Mack,2024_01,2024-01-01,14.675689775817316,2.980027542916818,0.04427628528377724,4530
1,2024_01,2024-01-01,14.19001890084327,2.476358508340392,0.07248999849360097,1167
3,2024_01,2024-01-01,13.746320981316112,2.307635117506881,0.06795986160121299,1153
2,2024_01,2024-01-01,13.72992355445503,1.7229646627947532,0.06368260639204773,732
8,2024_01,2024-01-01,16.139392690299523,3.9112260601089095,0.3204201236807142,149
7,2024_01,2024-01-01,16.080585098459807,3.26495455458558,0.25731446603666436,161
6,2024_01,2024-01-01,13.86957377971585,2.579110172514413,0.19608611535661896,173
10,2024_01,2024-01-01,14.701267413847276,3.4543302920699306,0.29090708914649616,141
9,2024_01,2024-01-01,11.97880883337051,3.1760608976826563,0.3056166023732877,108
Lookout,2024_01,2024-01-01,16.639023668684107,4.521530447162202,0.018930637874999025,57048
Mack,2024_02,2024-02-01,20.34425128314967,3.8413473406904397,0.05096490087897263,5681
1,2024_02,2024-02-01,21.62959453375739,2.052129454594604,0.05999455316027858,1170
3,2024_02,2024-02-01,21.333842335628084,2.435142222971705,0.07113126383401473,1172
2,2024_02,2024-02-01,21.07329894460173,2.394091514956429,0.08777165344136535,744
8,2024_02,2024-02-01,21.293813919511233,2.592217551968713,0.15491462898658856,280
7,2024_02,2024-02-01,17.850591464451412,2.5396340962894786,0.17913197757027968,201
6,2024_02,2024-02-01,18.09056126037417,2.517034085995493,0.19136655789383347,173
10,2024_02,2024-02-01,22.3418525889459,2.531110188589446,0.2131579307751641,141
9,2024_02,2024-02-01,22.7233995092572,2.9237421527184977,0.28133721981884674,108
Lookout,2024_02,2024-02-01,21.495534935422924,3.7215890656712194,0.014768792001384862,63499
Mack,2024_03,2024-03-01,46.495904096333454,7.06598870494649,0.09404613795098324,5645
1,2024_03,2024-03-01,47.2936108569686,4.890189893235826,0.14296600872655552,1170
3,2024_03,2024-03-01,50.00169829405268,3.4787185414370687,0.10161445357933586,1172
2,2024_03,2024-03-01,46.853587369956756,4.9220393403908025,0.18045071732247897,744
8,2024_03,2024-03-01,49.42794527825741,5.291154295190266,0.3162069495006982,280
7,2024_03,2024-03-01,41.27676164104061,5.0453844805741,0.3558739823693952,201
6,2024_03,2024-03-01,40.03575749050499,4.40180906194359,0.3346633457913121,173
10,2024_03,2024-03-01,47.87224608079326,4.771220919947886,0.40180928635668767,141
9,2024_03,2024-03-01,47.20762881998661,4.47324771618066,0.4304384621814638,108
Lookout,2024_03,2024-03-01,47.63002797956086,7.456060477858221,0.02948649188656826,63940
Mack,2024_04,2024-04-01,66.4539777334887,10.069964330232818,0.12565876341434268,6422
1,2024_04,2024-04-01,72.68916191057086,5.1350139983490015,0.1501235068835281,1170
3,2024_04,2024-04-01,75.52124143108603,4.546347640672965,0.13280023255283052,1172
2,2024_04,2024-04-01,70.38706427913922,8.221123548429587,0.3014010126528274,744
8,2024_04,2024-04-01,78.02606587860274,1.994427824449692,0.11918985975174128,280
7,2024_04,2024-04-01,74.69183123223786,2.4879999614794417,0.17548998650858855,201
6,2024_04,2024-04-01,74.6053453368969,2.4918725854111448,0.1894535644286035,173
10,2024_04,2024-04-01,70.83115114695713,7.143762903618622,0.6016133652926157,141
9,2024_04,2024-04-01,71.53035913450815,4.402931122460973,0.42367224479603727,108
Lookout,2024_04,2024-04-01,71.67029523846136,9.24974807939341,0.035392918300017964,68301
Mack,2024_05,2024-05-01,103.45030597755596,15.787511824544689,0.19428668588532577,6603
1,2024_05,2024-05-01,115.98861078435647,8.692392405607949,0.254124415543399,1170
3,2024_05,2024-05-01,120.23174425003556,6.445363519115572,0.18827107864971324,1172
2,2024_05,2024-05-01,114.67108393976756,10.802221594944578,0.396028658179996,744
8,2024_05,2024-05-01,122.64268163102665,3.7051467238017337,0.22142486830347155,280
7,2024_05,2024-05-01,116.25757244528647,3.0020743140162724,0.21174999558730867,201
6,2024_05,2024-05-01,116.7034463356309,3.7237369285285173,0.2831104761272327,173
10,2024_05,2024-05-01,118.1216088823714,4.987424455171446,0.420016908609677,141
9,2024_05,2024-05-01,113.49542716930624,8.155315660682705,0.7847456153369217,108
Lookout,2024_05,2024-05-01,110.56865523966762,14.687407643491452,0.05545063816571578,70158
Mack,2024_06,2024-06-01,111.85976990880866,21.01496927427977,0.25861762003142746,6603
1,2024_06,2024-06-01,139.4359234087047,7.05879532383335,0.20636576818049993,1170
3,2024_06,2024-06-01,143.535068314425,4.876543965807065,0.14244537019554007,1172
2,2024_06,2024-06-01,140.39649512826304,8.111770159659102,0.29739192290757743,744
8,2024_06,2024-06-01,136.7050405100279,3.841628853090408,0.2295812355829065,280
7,2024_06,2024-06-01,130.95248852291775,4.719256236029213,0.33287066961965556,201
6,2024_06,2024-06-01,130.42700801800535,4.708730267605804,0.3579981329517226,173
10,2024_06,2024-06-01,134.29705666701582,5.645942451324871,0.4754741281614251,141
9,2024_06,2024-06-01,131.17706892705775,8.78158125909861,0.8450080506418592,108
Lookout,2024_06,2024-06-01,122.60971300187713,20.946774638673332,0.07908216680719533,70158
Mack,2024_07,2024-07-01,127.74069108427355,26.953449155026266,0.33169864686132794,6603
1,2024_07,2024-07-01,167.76271075676382,12.810575179827655,0.3745205897801144,1170
3,2024_07,2024-07-01,170.98956241595081,9.208226862452962,0.2689751786231559,1172
2,2024_07,2024-07-01,166.28787536689998,11.87341452682116,0.43530049645273744,744
8,2024_07,2024-07-01,179.8809104794794,5.453185504167248,0.3258901663294147,280
7,2024_07,2024-07-01,185.53304670990318,5.294705851294248,0.3734597559471265,201
6,2024_07,2024-07-01,184.47922351948245,7.49821278002868,0.5700785611340385,173
10,2024_07,2024-07-01,172.56227087043052,16.88797090206742,1.4222237138091551,141
9,2024_07,2024-07-01,150.80066919473566,13.76253637260979,1.3243006799097128,108
Lookout,2024_07,2024-07-01,147.0970169935657,30.73636736042122,0.11604166142869306,70158
Mack,2024_08,2024-08-01,105.35567649168671,17.288877362567696,0.21276301945369933,6603
1,2024_08,2024-08-01,132.5373371672549,13.132380701696606,0.38392866023386263,1170
3,2024_08,2024-08-01,135.5668949280777,8.96247305591946,0.26179663328570313,1172
2,2024_08,2024-08-01,128.06110078677247,13.057410383968465,0.4787078906147091,744
8,2024_08,2024-08-01,144.7926683490504,6.501318547582651,0.38852809632335555,280
7,2024_08,2024-08-01,150.40404187616903,6.099104789287554,0.4301976823786156,201
6,2024_08,2024-08-01,151.26335630890426,5.929317366878559,0.45079765167777297,173
10,2024_08,2024-08-01,133.65992807513703,18.111253522318414,1.5252426946743212,141
9,2024_08,2024-08-01,123.55810840954716,8.904153559844117,0.8568025757802942,108
Lookout,2024_08,2024-08-01,119.60113224129886,21.430390158431095,0.08090800223359176,70158
Mack,2024_09,2024-09-01,68.27002979933967,11.642313802528156,0.1432744177719984,6603
1,2024_09,2024-09-01,81.82446012866875,13.284477360405772,0.38837524670821855,1170
3,2024_09,2024-09-01,82.64300474137468,10.808944946911163,0.31573265312110355,1172
2,2024_09,2024-09-01,80.95475623947061,8.900243318951848,0.3262987514280907,744
8,2024_09,2024-09-01,96.4639726391287,4.036415868220842,0.2412219862434438,280
7,2024_09,2024-09-01,94.46459714833979,5.365694130136498,0.3784668830729994,201
6,2024_09,2024-09-01,94.35554930369956,6.288390397176066,0.4780974686420575,173
10,2024_09,2024-09-01,85.67288153346601,18.235464523560154,1.5357031480056538,141
9,2024_09,2024-09-01,80.42382333258976,8.960183797779289,0.8621940879393992,108
Lookout,2024_09,2024-09-01,78.64571169937464,15.40252879433338,0.05815049678900102,70158
Mack,2024_10,2024-10-01,36.936110756259616,6.69009067989843,0.08233061428014214,6603
1,2024_10,2024-10-01,47.304673317939546,5.4981342839971825,0.16073942550022133,1170
3,2024_10,2024-10-01,49.744552521383554,4.730301783109498,0.13817359042719932,1172
2,2024_10,2024-10-01,46.09880102587258,5.68799275460886,0.20853193193143743,744
8,2024_10,2024-10-01,56.570112232700225,5.206138449083011,0.3111262809249902,280
7,2024_10,2024-10-01,53.19832883966092,5.761052249950336,0.4063532947234783,201
6,2024_10,2024-10-01,53.30879167252779,6.0898690238671005,0.4630041681222641,173
10,2024_10,2024-10-01,49.433155266925006,9.514506223690738,0.8012659694280506,141
9,2024_10,2024-10-01,45.539058666071824,5.507726210603977,0.5299812017191605,108
Lookout,2024_10,2024-10-01,44.91743130101958,10.513904798147305,0.03969405253957119,70158
Mack,2024_11,2024-11-01,9.825251578531967,2.750270652730123,0.03487227190465766,6220
1,2024_11,2024-11-01,11.637128044264363,2.5188427167546865,0.07363904013676005,1170
3,2024_11,2024-11-01,12.230505151370478,1.7111855047747173,0.049984262299281074,1172
2,2024_11,2024-11-01,11.802432684347334,1.740372905288509,0.0638051664054727,744
8,2024_11,2024-11-01,7.556049940231105,1.6779482125744032,0.10027658543252177,280
7,2024_11,2024-11-01,7.161432145546407,1.9103829798303544,0.13474802594342256,201
6,2024_11,2024-11-01,7.204276269517513,1.626281856259815,0.12364391993307002,173
10,2024_11,2024-11-01,12.270730770573648,1.5869101387734035,0.1336419421927958,141
9,2024_11,2024-11-01,11.567967878652688,1.933301404589478,0.18603201439406947,108
Lookout,2024_11,2024-11-01,11.158860001096881,2.7790165389083854,0.010679287453933598,67717
Mack,2024_12,2024-12-01,13.521751801316716,4.693287830803157,0.061477672628130774,5828
1,2024_12,2024-12-01,13.291664851362924,3.178584675697664,0.09292677266223562,1170
3,2024_12,2024-12-01,13.29971610062938,2.753850132030805,0.08044082126003019,1172
2,2024_12,2024-12-01,12.77080547209244,2.945230468964981,0.10797738783667547,744
8,2024_12,2024-12-01,11.621430468853765,1.8427325539280337,0.11012433339033097,280
7,2024_12,2024-12-01,10.135320265248126,2.749088249008498,0.19390573440465345,201
6,2024_12,2024-12-01,10.08831059220706,2.343101925446586,0.17814274060169785,173
10,2024_12,2024-12-01,14.72165776334625,3.1161961647651313,0.2624310586577074,141
9,2024_12,2024-12-01,11.665224180236448,2.9154759474226504,0.28054180384339106,108
Lookout,2024_12,2024-12-01,13.871863349305476,4.051268776271026,0.015777193728017544,65936
Mack,2025_01,2025-01-01,20.936235719708925,5.415830388310268,0.06779859319439337,6381
1,2025_01,2025-01-01,19.269394705122064,4.9739254370949695,0.14541403973464542,1170
3,2025_01,2025-01-01,20.75282897158454,3.9641696075263475,0.11579463062803444,1172
2,2025_01,2025-01-01,20.53018276974024,4.231225278509517,0.1551242450247107,744
8,2025_01,2025-01-01,12.404718422101213,2.218242432601971,0.13256534089426983,280
7,2025_01,2025-01-01,10.713595180839953,3.3266584985419874,0.23464439874053378,201
6,2025_01,2025-01-01,9.92221128147419,3.1271409185443635,0.23775212141956945,173
10,2025_01,2025-01-01,18.07276282252715,3.58058409560099,0.3015395774650598,141
9,2025_01,2025-01-01,18.9911220165068,4.171838354223747,0.40143533280444765,108
Lookout,2025_01,2025-01-01,19.80611392188578,5.743205487178397,0.021960658234729275,68394
Mack,2025_02,2025-02-01,17.325345229213923,3.7371488362209577,0.04680586761284321,6375
1,2025_02,2025-02-01,17.13496057160284,2.903719706937969,0.08489102182632674,1170
3,2025_02,2025-02-01,17.408986380847914,2.7254097069185304,0.07961006757216386,1172
2,2025_02,2025-02-01,17.39009210853872,2.955605736948993,0.10835776361603267,744
8,2025_02,2025-02-01,11.23382919378403,1.7856428557142316,0.10671257136016082,280
7,2025_02,2025-02-01,11.063640117564185,2.6854982210992686,0.18942043966484337,201
6,2025_02,2025-02-01,10.700633000422,3.2305882112164555,0.2456170734407753,173
10,2025_02,2025-02-01,16.79379211619705,2.3212626193259336,0.19548557741652348,141
9,2025_02,2025-02-01,18.168904751282625,2.4376307956184764,0.2345611326725415,108
Lookout,2025_02,2025-02-01,17.333123329040745,3.973089600410563,0.015210066965735018,68233
Mack,2025_03,2025-03-01,40.4737627691309,6.900204226484172,0.09328007797606304,5472
1,2025_03,2025-03-01,39.25843027055288,5.104898963287912,0.14924308578346007,1170
3,2025_03,2025-03-01,37.77121500912924,5.431801665181628,0.15866462077462173,1172
2,2025_03,2025-03-01,36.82189068551682,5.802147542334454,0.21271704950289577,744
8,2025_03,2025-03-01,44.06307278523044,2.6183199746776604,0.15647454710632225,280
7,2025_03,2025-03-01,43.07955014695523,2.3989593711036856,0.16920954750308848,201
6,2025_03,2025-03-01,43.205064003375995,2.093379555450846,0.15915670038831128,173
10,2025_03,2025-03-01,40.11448622603959,4.101155432496416,0.3453795926069247,141
9,2025_03,2025-03-01,41.70390363595806,4.742440378195675,0.45634153816117057,108
Lookout,2025_03,2025-03-01,40.62145124220337,6.441038422890076,0.025299275048603978,64818
Mack,2025_04,2025-04-01,73.81899189848609,13.536988487729358,0.17200317320144237,6194
1,2025_04,2025-04-01,87.47655716754528,7.899523348645902,0.23094467672110017,1170
3,2025_04,2025-04-01,91.90435980509709,5.851464607801619,0.1709231062180029,1172
2,2025_04,2025-04-01,86.61493883553041,10.950963275373253,0.4014817927595693,744
8,2025_04,2025-04-01,99.39449130030553,3.409799802609717,0.2037745138090951,280
7,2025_04,2025-04-01,97.24197818747115,3.2965596103697807,0.23252138685908538,201
6,2025_04,2025-04-01,97.54694049796035,3.5780580275089044,0.2720347143801073,173
10,2025_04,2025-04-01,88.62330225899927,7.302843457121818,0.6150103646663198,141
9,2025_04,2025-04-01,85.23662725853221,5.650849384422818,0.5437532355410908,108
Lookout,2025_04,2025-04-01,85.8173578481667,13.453903337043633,0.05223212055113701,66347
Mack,2025_05,2025-05-01,94.47882662336389,17.388116672343664,0.21398429338338493,6603
1,2025_05,2025-05-01,119.89930147112219,10.894540557215322,0.3185048054123789,1170
3,2025_05,2025-05-01,124.09508624491147,8.700652268608527,0.25414876642858125,1172
2,2025_05,2025-05-01,119.86756864720284,13.647127960050177,0.5003279859171512,744
8,2025_05,2025-05-01,122.00111236551999,5.107456284088711,0.30522889358337796,280
7,2025_05,2025-05-01,121.82654424445573,4.18687976059141,0.2953197283260248,201
6,2025_05,2025-05-01,119.50344633563085,4.711858495130251,0.3582359676862591,173
10,2025_05,2025-05-01,118.67550015711745,7.203362839352393,0.6066325853299792,141
9,2025_05,2025-05-01,114.59759089895161,11.1952792017902,1.0772662434677651,108
Lookout,2025_05,2025-05-01,107.10387705841505,18.266780824175825,0.06896415477258613,70158
Mack,2025_06,2025-06-01,122.67507849042896,21.14336496298923,0.2601977026383993,6603
1,2025_06,2025-06-01,153.3826369828201,10.536697088548815,0.30804315595069215,1170
3,2025_06,2025-06-01,159.0364367895683,6.176501995288958,0.18041754968301998,1172
2,2025_06,2025-06-01,153.71042256456573,11.169750455579221,0.4095029199547849,744
8,2025_06,2025-06-01,155.47723801301632,3.9863142789563155,0.23822784360033966,280
7,2025_06,2025-06-01,157.64543710073113,3.597692662010888,0.25376167463560295,201
6,2025_06,2025-06-01,157.45311576874386,5.00014367129616,0.3801538837612289,173
10,2025_06,2025-06-01,152.50169337662788,5.358408309440792,0.4512593851654361,141
9,2025_06,2025-06-01,144.84006245817537,9.79732893808237,0.9427484166235277,108
Lookout,2025_06,2025-06-01,137.12788858517754,21.308722649562768,0.08044866038276682,70158
Mack,2025_07,2025-07-01,123.53671730670973,27.393749950656613,0.33711714366604273,6603
1,2025_07,2025-07-01,167.41211751550279,10.759402787240628,0.3145540165834598,1170
3,2025_07,2025-07-01,169.19272721971774,8.902941516460734,0.2600576984507118,1172
2,2025_07,2025-07-01,165.55076390456836,10.61728107119612,0.3892484096154336,744
8,2025_07,2025-07-01,177.81639327931995,4.098218565201834,0.2449154038217291,280
7,2025_07,2025-07-01,176.3291311423644,6.3468588110112405,0.4476729036820294,201
6,2025_07,2025-07-01,176.03181882121257,7.410995260204198,0.563447535892977,173
10,2025_07,2025-07-01,166.0788380293984,15.268849653130163,1.2858691067859418,141
9,2025_07,2025-07-01,156.0554093241132,12.117689203489748,1.1660251872651712,108
Lookout,2025_07,2025-07-01,146.44531252825627,29.254325684251462,0.1104463815313439,70158
Mack,2025_08,2025-08-01,98.59961897134542,21.284907302764907,0.2619395725678151,6603
1,2025_08,2025-08-01,122.04443863547259,16.782261506238886,0.4906339012051492,1170
3,2025_08,2025-08-01,123.51288844832047,14.936499485437482,0.4362998085420754,1172
2,2025_08,2025-08-01,122.7462933694588,11.387169039212486,0.41747387196524666,744
8,2025_08,2025-08-01,146.70165360605665,5.46972068644788,0.3268783324755332,280
7,2025_08,2025-08-01,142.62236148558387,5.542400206097856,0.3909307686704914,201
6,2025_08,2025-08-01,143.21572654381768,6.921206832108787,0.5262096112648009,173
10,2025_08,2025-08-01,129.07440382668202,21.31348103004359,1.7949188994066019,141
9,2025_08,2025-08-01,118.12540709346415,10.005703963089402,0.9627993127535619,108
Lookout,2025_08,2025-08-01,115.87037879493427,23.75198276801496,0.0896729112554559,70158
Mack,2025_09,2025-09-01,66.39237475924693,11.818201419499372,0.14543895278989005,6603
1,2025_09,2025-09-01,73.65456222135093,12.205228278935667,0.3568231113171152,1170
3,2025_09,2025-09-01,74.47832488438117,11.840118850594667,0.3458535644624345,1172
2,2025_09,2025-09-01,72.33704430588605,10.964226241157695,0.40196803667679815,744
8,2025_09,2025-09-01,102.75957962544824,6.4274443456421535,0.3841132683408041,280
7,2025_09,2025-09-01,98.26051154995264,3.9404743917728484,0.27793963366400554,201
6,2025_09,2025-09-01,97.44155296103534,4.8272368123742275,0.36700801870829763,173
10,2025_09,2025-09-01,77.13979958800316,14.85962009747136,1.251405761140416,141
9,2025_09,2025-09-01,74.82440330136068,9.291167243770532,0.8940429848794583,108
Lookout,2025_09,2025-09-01,78.90556388048984,17.165163275489935,0.06480512292898824,70158
Mack,2025_10,2025-10-01,37.55391027278802,6.143279281281772,0.07560136044823793,6603
1,2025_10,2025-10-01,44.104703088920836,4.674268252351121,0.13665348183722675,1170
3,2025_10,2025-10-01,42.87984022916037,5.225543745962911,0.15263976262407916,1172
2,2025_10,2025-10-01,41.8505711192548,5.952542884671141,0.21823081026947674,744
8,2025_10,2025-10-01,49.83444016469649,1.5005058670805067,0.08967237704043662,280
7,2025_10,2025-10-01,46.88576355996016,2.2232627944157555,0.15681686649426893,201
6,2025_10,2025-10-01,46.88445632297088,2.237330261088714,0.17010106987364235,173
10,2025_10,2025-10-01,43.182779930868314,6.942258999207084,0.5846436752723575,141
9,2025_10,2025-10-01,41.21472228418469,5.507842955205275,0.5299924354736583,108
Lookout,2025_10,2025-10-01,41.47055196085168,6.9049702256146395,0.02606893025776874,70158
Mack,2025_11,2025-11-01,20.54141260661925,2.604553081216977,0.03205254836771304,6603
1,2025_11,2025-11-01,19.430902278569256,1.5647537292897007,0.045745993550470404,1170
3,2025_11,2025-11-01,20.042337085858595,1.5424306189377366,0.04505487945070944,1172
2,2025_11,2025-11-01,19.765184014450213,1.8204304250899914,0.06674021748413576,744
8,2025_11,2025-11-01,24.992960552530214,1.3857833193408386,0.08281639348072753,280
7,2025_11,2025-11-01,23.45053316816051,1.2827333381153092,0.09047703363552984,201
6,2025_11,2025-11-01,22.83603882402588,1.3260826162355024,0.10082019435643502,173
10,2025_11,2025-11-01,20.29918648091895,2.631215231960612,0.2215882962335116,141
9,2025_11,2025-11-01,18.863439660941324,1.9727872603907233,0.18983154264007474,108
Lookout,2025_11,2025-11-01,21.58723048009489,2.936730158169219,0.011087290919112522,70158
Mack,2025_12,2025-12-01,13.17229079045635,4.737418783081663,0.05830034556711246,6603
1,2025_12,2025-12-01,14.601384713690296,2.8188688552682093,0.08241038449626027,1170
3,2025_12,2025-12-01,14.434887187355354,2.5784836116070213,0.0753183105030631,1172
2,2025_12,2025-12-01,14.008423502440214,2.6565233726893975,0.09739287214792387,744
8,2025_12,2025-12-01,9.522745384513215,2.256100007734133,0.13482776373816913,280
7,2025_12,2025-12-01,10.55731254098958,2.30638738865887,0.16268002330620948,201
6,2025_12,2025-12-01,11.282261921507947,2.4875781475016665,0.1891270643603692,173
10,2025_12,2025-12-01,15.800775112600814,3.8325836914048144,0.32276177183647753,141
9,2025_12,2025-12-01,13.022128039259423,3.2220093586565266,0.31003799509197316,108
Lookout,2025_12,2025-12-01,14.136137108164213,4.468471032937626,0.016870204491887107,70158
